target_region,val_fold,source_region,seed_or_run,checkpoint_path,accuracy_macro,accuracy_micro,f1_macro,f1_micro,jaccard_macro,jaccard_micro,precision_macro,precision_micro,recall_macro,recall_micro
PASTIS_joint_T31TFM,1,PASTIS_joint_T31TFJ,2026-05-24_13-21-09,/home/user/results_local/finetuning_results_PASTIS_v2/PASTIS_joint_T31TFJ/LIANet_valFolds1_lr0.0001_batchsize16/2026-05-24_13-21-09/last.pt,0.22929251194000244,0.43803316354751587,0.1713414192199707,0.43803316354751587,0.1114327609539032,0.2804369330406189,0.22290825843811035,0.43803316354751587,0.22929251194000244,0.43803316354751587
PASTIS_joint_T31TFM,1,PASTIS_joint_T31TFJ,2026-05-24_14-57-23,/home/user/results_local/finetuning_results_PASTIS_v2/PASTIS_joint_T31TFJ/LIANet_valFolds1_lr0.0001_batchsize16/2026-05-24_14-57-23/last.pt,0.2243911474943161,0.44138532876968384,0.16604645550251007,0.44138532876968384,0.10683959722518921,0.28319069743156433,0.23214301466941833,0.44138532876968384,0.2243911474943161,0.44138532876968384
PASTIS_joint_T31TFM,1,PASTIS_joint_T31TFJ,2026-05-24_16-33-26,/home/user/results_local/finetuning_results_PASTIS_v2/PASTIS_joint_T31TFJ/LIANet_valFolds1_lr0.0001_batchsize16/2026-05-24_16-33-26/last.pt,0.21038877964019775,0.46819111704826355,0.16687193512916565,0.46819111704826355,0.10826048254966736,0.3056459128856659,0.23365911841392517,0.46819111704826355,0.21038877964019775,0.46819111704826355
PASTIS_joint_T31TFM,1,PASTIS_joint_T31TFJ,2026-05-24_18-08-53,/home/user/results_local/finetuning_results_PASTIS_v2/PASTIS_joint_T31TFJ/LIANet_valFolds1_lr0.0001_batchsize16/2026-05-24_18-08-53/last.pt,0.23356270790100098,0.47946566343307495,0.17821680009365082,0.47946566343307495,0.11690157651901245,0.31532710790634155,0.26099640130996704,0.47946566343307495,0.23356270790100098,0.47946566343307495
PASTIS_joint_T31TFM,1,PASTIS_joint_T31TFJ,2026-05-24_19-44-48,/home/user/results_local/finetuning_results_PASTIS_v2/PASTIS_joint_T31TFJ/LIANet_valFolds1_lr0.0001_batchsize16/2026-05-24_19-44-48/last.pt,0.20105081796646118,0.4620716869831085,0.15478777885437012,0.4620716869831085,0.1007944643497467,0.30045071244239807,0.22613991796970367,0.4620716869831085,0.20105081796646118,0.4620716869831085
PASTIS_joint_T31TFM,1,PASTIS_joint_T32ULU,2026-05-24_13-21-15,/home/user/results_local/finetuning_results_PASTIS_v2/PASTIS_joint_T32ULU/LIANet_valFolds1_lr0.0001_batchsize16/2026-05-24_13-21-15/last.pt,0.39762216806411743,0.7268348932266235,0.3575945198535919,0.7268348932266235,0.26349717378616333,0.5708881616592407,0.34600549936294556,0.7268348932266235,0.39762216806411743,0.7268348932266235
PASTIS_joint_T31TFM,1,PASTIS_joint_T32ULU,2026-05-24_14-22-35,/home/user/results_local/finetuning_results_PASTIS_v2/PASTIS_joint_T32ULU/LIANet_valFolds1_lr0.0001_batchsize16/2026-05-24_14-22-35/last.pt,0.39677947759628296,0.7228330969810486,0.35499510169029236,0.7228331565856934,0.2615899443626404,0.565966010093689,0.34418490529060364,0.7228330969810486,0.39677947759628296,0.7228330969810486
PASTIS_joint_T31TFM,1,PASTIS_joint_T32ULU,2026-05-24_15-24-11,/home/user/results_local/finetuning_results_PASTIS_v2/PASTIS_joint_T32ULU/LIANet_valFolds1_lr0.0001_batchsize16/2026-05-24_15-24-11/last.pt,0.4006806015968323,0.729949414730072,0.3570633828639984,0.7299493551254272,0.26445621252059937,0.5747403502464294,0.342556893825531,0.729949414730072,0.4006806015968323,0.729949414730072
PASTIS_joint_T31TFM,1,PASTIS_joint_T32ULU,2026-05-24_16-25-56,/home/user/results_local/finetuning_results_PASTIS_v2/PASTIS_joint_T32ULU/LIANet_valFolds1_lr0.0001_batchsize16/2026-05-24_16-25-56/last.pt,0.39358991384506226,0.7280575037002563,0.3593701422214508,0.7280574440956116,0.2648995518684387,0.5723981261253357,0.35122913122177124,0.7280575037002563,0.39358991384506226,0.7280575037002563
PASTIS_joint_T31TFM,1,PASTIS_joint_T32ULU,2026-05-24_17-27-41,/home/user/results_local/finetuning_results_PASTIS_v2/PASTIS_joint_T32ULU/LIANet_valFolds1_lr0.0001_batchsize16/2026-05-24_17-27-41/last.pt,0.3883932828903198,0.7223971486091614,0.35330116748809814,0.7223971486091614,0.2607029378414154,0.5654317140579224,0.3406907320022583,0.7223971486091614,0.3883932828903198,0.7223971486091614
PASTIS_joint_T31TFM,1,PASTIS_joint_T30UXV,2026-05-24_13-21-19,/home/user/results_local/finetuning_results_PASTIS_v2/PASTIS_joint_T30UXV/LIANet_valFolds1_lr0.0001_batchsize16/2026-05-24_13-21-19/last.pt,0.3326461911201477,0.6240347027778625,0.2552724778652191,0.6240347027778625,0.18889012932777405,0.4535250663757324,0.2682300806045532,0.6240347027778625,0.3326461911201477,0.6240347027778625
PASTIS_joint_T31TFM,1,PASTIS_joint_T30UXV,2026-05-24_14-08-30,/home/user/results_local/finetuning_results_PASTIS_v2/PASTIS_joint_T30UXV/LIANet_valFolds1_lr0.0001_batchsize16/2026-05-24_14-08-30/last.pt,0.32425957918167114,0.6317223310470581,0.25083571672439575,0.6317223310470581,0.18719671666622162,0.46169158816337585,0.26601696014404297,0.6317223310470581,0.32425957918167114,0.6317223310470581
PASTIS_joint_T31TFM,1,PASTIS_joint_T30UXV,2026-05-24_14-55-23,/home/user/results_local/finetuning_results_PASTIS_v2/PASTIS_joint_T30UXV/LIANet_valFolds1_lr0.0001_batchsize16/2026-05-24_14-55-23/last.pt,0.3309115469455719,0.6292631030082703,0.2539793848991394,0.6292631030082703,0.18802601099014282,0.45906925201416016,0.2752687931060791,0.6292631030082703,0.3309115469455719,0.6292631030082703
PASTIS_joint_T31TFM,1,PASTIS_joint_T30UXV,2026-05-24_15-42-33,/home/user/results_local/finetuning_results_PASTIS_v2/PASTIS_joint_T30UXV/LIANet_valFolds1_lr0.0001_batchsize16/2026-05-24_15-42-33/last.pt,0.3311236500740051,0.6545951962471008,0.26140716671943665,0.6545951962471008,0.1956649273633957,0.48654142022132874,0.2762059271335602,0.6545951962471008,0.3311236500740051,0.6545951962471008
PASTIS_joint_T31TFM,1,PASTIS_joint_T30UXV,2026-05-24_16-29-39,/home/user/results_local/finetuning_results_PASTIS_v2/PASTIS_joint_T30UXV/LIANet_valFolds1_lr0.0001_batchsize16/2026-05-24_16-29-39/last.pt,0.3244909644126892,0.6433439254760742,0.2574095129966736,0.643343985080719,0.1916850507259369,0.4742130637168884,0.28632327914237976,0.6433439254760742,0.3244909644126892,0.6433439254760742
PASTIS_joint_T31TFM,2,PASTIS_joint_T31TFJ,2026-05-24_21-21-14,/home/user/results_local/finetuning_results_PASTIS_v2/PASTIS_joint_T31TFJ/LIANet_valFolds2_lr0.0001_batchsize16/2026-05-24_21-21-14/last.pt,0.2575128972530365,0.5053878426551819,0.19525405764579773,0.5053878426551819,0.1315494179725647,0.33813971281051636,0.23656779527664185,0.5053878426551819,0.2575128972530365,0.5053878426551819
PASTIS_joint_T31TFM,2,PASTIS_joint_T31TFJ,2026-05-24_22-57-44,/home/user/results_local/finetuning_results_PASTIS_v2/PASTIS_joint_T31TFJ/LIANet_valFolds2_lr0.0001_batchsize16/2026-05-24_22-57-44/last.pt,0.24534840881824493,0.4825419485569,0.18047672510147095,0.48254188895225525,0.12040816247463226,0.3179935812950134,0.2311025857925415,0.4825419485569,0.24534840881824493,0.4825419485569
PASTIS_joint_T31TFM,2,PASTIS_joint_T31TFJ,2026-05-25_00-33-59,/home/user/results_local/finetuning_results_PASTIS_v2/PASTIS_joint_T31TFJ/LIANet_valFolds2_lr0.0001_batchsize16/2026-05-25_00-33-59/last.pt,0.2579681873321533,0.5018595457077026,0.19361130893230438,0.5018595457077026,0.1279858946800232,0.3349883258342743,0.2472003549337387,0.5018595457077026,0.2579681873321533,0.5018595457077026
PASTIS_joint_T31TFM,2,PASTIS_joint_T31TFJ,2026-05-25_02-10-18,/home/user/results_local/finetuning_results_PASTIS_v2/PASTIS_joint_T31TFJ/LIANet_valFolds2_lr0.0001_batchsize16/2026-05-25_02-10-18/last.pt,0.2599267363548279,0.4721744954586029,0.1942129135131836,0.4721744954586029,0.1291780024766922,0.3090499937534332,0.24059458076953888,0.4721744954586029,0.2599267363548279,0.4721744954586029
PASTIS_joint_T31TFM,2,PASTIS_joint_T31TFJ,2026-05-25_03-46-33,/home/user/results_local/finetuning_results_PASTIS_v2/PASTIS_joint_T31TFJ/LIANet_valFolds2_lr0.0001_batchsize16/2026-05-25_03-46-33/last.pt,0.24664294719696045,0.4498803913593292,0.18011508882045746,0.4498803913593292,0.11963801831007004,0.29022300243377686,0.2277439832687378,0.4498803913593292,0.24664294719696045,0.4498803913593292
PASTIS_joint_T31TFM,2,PASTIS_joint_T32ULU,2026-05-24_18-29-18,/home/user/results_local/finetuning_results_PASTIS_v2/PASTIS_joint_T32ULU/LIANet_valFolds2_lr0.0001_batchsize16/2026-05-24_18-29-18/last.pt,0.40958404541015625,0.712713360786438,0.35947510600090027,0.712713360786438,0.2663550078868866,0.5536555051803589,0.34129467606544495,0.712713360786438,0.40958404541015625,0.712713360786438
PASTIS_joint_T31TFM,2,PASTIS_joint_T32ULU,2026-05-24_19-28-46,/home/user/results_local/finetuning_results_PASTIS_v2/PASTIS_joint_T32ULU/LIANet_valFolds2_lr0.0001_batchsize16/2026-05-24_19-28-46/last.pt,0.42110317945480347,0.7127355337142944,0.36182236671447754,0.7127355337142944,0.2664894163608551,0.553682267665863,0.3428373336791992,0.7127355337142944,0.42110317945480347,0.7127355337142944
PASTIS_joint_T31TFM,2,PASTIS_joint_T32ULU,2026-05-24_20-27-07,/home/user/results_local/finetuning_results_PASTIS_v2/PASTIS_joint_T32ULU/LIANet_valFolds2_lr0.0001_batchsize16/2026-05-24_20-27-07/last.pt,0.419351190328598,0.7145666480064392,0.3655092716217041,0.7145666480064392,0.2690599262714386,0.5558954477310181,0.34660571813583374,0.7145666480064392,0.419351190328598,0.7145666480064392
PASTIS_joint_T31TFM,2,PASTIS_joint_T32ULU,2026-05-24_21-26-18,/home/user/results_local/finetuning_results_PASTIS_v2/PASTIS_joint_T32ULU/LIANet_valFolds2_lr0.0001_batchsize16/2026-05-24_21-26-18/last.pt,0.4205210208892822,0.714942455291748,0.3640463352203369,0.714942455291748,0.26838764548301697,0.5563504695892334,0.34737950563430786,0.714942455291748,0.4205210208892822,0.714942455291748
PASTIS_joint_T31TFM,2,PASTIS_joint_T32ULU,2026-05-24_22-25-36,/home/user/results_local/finetuning_results_PASTIS_v2/PASTIS_joint_T32ULU/LIANet_valFolds2_lr0.0001_batchsize16/2026-05-24_22-25-36/last.pt,0.4008100628852844,0.7105798125267029,0.35669082403182983,0.7105797529220581,0.2638324797153473,0.5510846972465515,0.34350401163101196,0.7105798125267029,0.4008100628852844,0.7105798125267029
PASTIS_joint_T31TFM,2,PASTIS_joint_T30UXV,2026-05-24_17-16-54,/home/user/results_local/finetuning_results_PASTIS_v2/PASTIS_joint_T30UXV/LIANet_valFolds2_lr0.0001_batchsize16/2026-05-24_17-16-54/last.pt,0.3605496883392334,0.638392984867096,0.26344117522239685,0.6383929252624512,0.19612418115139008,0.46885257959365845,0.3036758303642273,0.638392984867096,0.3605496883392334,0.638392984867096
PASTIS_joint_T31TFM,2,PASTIS_joint_T30UXV,2026-05-24_18-04-47,/home/user/results_local/finetuning_results_PASTIS_v2/PASTIS_joint_T30UXV/LIANet_valFolds2_lr0.0001_batchsize16/2026-05-24_18-04-47/last.pt,0.3395375609397888,0.6446220874786377,0.26126736402511597,0.6446220874786377,0.1945466697216034,0.47560328245162964,0.27332398295402527,0.6446220874786377,0.3395375609397888,0.6446220874786377
PASTIS_joint_T31TFM,2,PASTIS_joint_T30UXV,2026-05-24_18-53-05,/home/user/results_local/finetuning_results_PASTIS_v2/PASTIS_joint_T30UXV/LIANet_valFolds2_lr0.0001_batchsize16/2026-05-24_18-53-05/last.pt,0.3609713017940521,0.6562086343765259,0.2705027461051941,0.6562085747718811,0.2015984207391739,0.48832622170448303,0.28467726707458496,0.6562086343765259,0.3609713017940521,0.6562086343765259
PASTIS_joint_T31TFM,2,PASTIS_joint_T30UXV,2026-05-24_19-41-16,/home/user/results_local/finetuning_results_PASTIS_v2/PASTIS_joint_T30UXV/LIANet_valFolds2_lr0.0001_batchsize16/2026-05-24_19-41-16/last.pt,0.3587874174118042,0.6431255340576172,0.26473355293273926,0.6431255340576172,0.19586485624313354,0.47397562861442566,0.2766478657722473,0.6431255340576172,0.3587874174118042,0.6431255340576172
PASTIS_joint_T31TFM,2,PASTIS_joint_T30UXV,2026-05-24_20-29-30,/home/user/results_local/finetuning_results_PASTIS_v2/PASTIS_joint_T30UXV/LIANet_valFolds2_lr0.0001_batchsize16/2026-05-24_20-29-30/last.pt,0.35712695121765137,0.646795392036438,0.26593685150146484,0.646795392036438,0.1969309151172638,0.4779731333255768,0.28090474009513855,0.646795392036438,0.35712695121765137,0.646795392036438
PASTIS_joint_T31TFM,3,PASTIS_joint_T31TFJ,2026-05-25_05-22-52,/home/user/results_local/finetuning_results_PASTIS_v2/PASTIS_joint_T31TFJ/LIANet_valFolds3_lr0.0001_batchsize16/2026-05-25_05-22-52/last.pt,0.21028323471546173,0.4868261218070984,0.17511120438575745,0.4868261218070984,0.11583276838064194,0.32172515988349915,0.22888407111167908,0.4868261218070984,0.21028323471546173,0.4868261218070984
PASTIS_joint_T31TFM,3,PASTIS_joint_T31TFJ,2026-05-25_07-01-40,/home/user/results_local/finetuning_results_PASTIS_v2/PASTIS_joint_T31TFJ/LIANet_valFolds3_lr0.0001_batchsize16/2026-05-25_07-01-40/last.pt,0.23458489775657654,0.4455581307411194,0.16477057337760925,0.4455581307411194,0.10557706654071808,0.2866353988647461,0.24107587337493896,0.4455581307411194,0.23458489775657654,0.4455581307411194
PASTIS_joint_T31TFM,3,PASTIS_joint_T31TFJ,2026-05-25_08-41-26,/home/user/results_local/finetuning_results_PASTIS_v2/PASTIS_joint_T31TFJ/LIANet_valFolds3_lr0.0001_batchsize16/2026-05-25_08-41-26/last.pt,0.2241727113723755,0.46474987268447876,0.1692531257867813,0.46474987268447876,0.11050930619239807,0.3027193248271942,0.2252534180879593,0.46474987268447876,0.2241727113723755,0.46474987268447876
PASTIS_joint_T31TFM,3,PASTIS_joint_T31TFJ,2026-05-25_10-21-07,/home/user/results_local/finetuning_results_PASTIS_v2/PASTIS_joint_T31TFJ/LIANet_valFolds3_lr0.0001_batchsize16/2026-05-25_10-21-07/last.pt,0.2149507701396942,0.44393524527549744,0.15257015824317932,0.44393524527549744,0.10208737850189209,0.2852935492992401,0.22142070531845093,0.44393524527549744,0.2149507701396942,0.44393524527549744
PASTIS_joint_T31TFM,3,PASTIS_joint_T31TFJ,2026-05-25_12-00-44,/home/user/results_local/finetuning_results_PASTIS_v2/PASTIS_joint_T31TFJ/LIANet_valFolds3_lr0.0001_batchsize16/2026-05-25_12-00-44/last.pt,0.21698319911956787,0.4794764518737793,0.1683349311351776,0.4794764518737793,0.11158571392297745,0.3153364360332489,0.22823670506477356,0.4794764518737793,0.21698319911956787,0.4794764518737793
PASTIS_joint_T31TFM,3,PASTIS_joint_T32ULU,2026-05-24_23-24-56,/home/user/results_local/finetuning_results_PASTIS_v2/PASTIS_joint_T32ULU/LIANet_valFolds3_lr0.0001_batchsize16/2026-05-24_23-24-56/last.pt,0.40045246481895447,0.7272433638572693,0.34823280572891235,0.7272433638572693,0.25900959968566895,0.5713923573493958,0.33248040080070496,0.7272433638572693,0.40045246481895447,0.7272433638572693
PASTIS_joint_T31TFM,3,PASTIS_joint_T32ULU,2026-05-25_00-25-10,/home/user/results_local/finetuning_results_PASTIS_v2/PASTIS_joint_T32ULU/LIANet_valFolds3_lr0.0001_batchsize16/2026-05-25_00-25-10/last.pt,0.39357879757881165,0.7259774804115295,0.34252819418907166,0.7259774804115295,0.2549290060997009,0.5698309540748596,0.32557183504104614,0.7259774804115295,0.39357879757881165,0.7259774804115295
PASTIS_joint_T31TFM,3,PASTIS_joint_T32ULU,2026-05-25_01-25-25,/home/user/results_local/finetuning_results_PASTIS_v2/PASTIS_joint_T32ULU/LIANet_valFolds3_lr0.0001_batchsize16/2026-05-25_01-25-25/last.pt,0.3875531554222107,0.7220715284347534,0.34009310603141785,0.7220715284347534,0.2532249689102173,0.5650328397750854,0.3247728943824768,0.7220715284347534,0.3875531554222107,0.7220715284347534
PASTIS_joint_T31TFM,3,PASTIS_joint_T32ULU,2026-05-25_02-25-53,/home/user/results_local/finetuning_results_PASTIS_v2/PASTIS_joint_T32ULU/LIANet_valFolds3_lr0.0001_batchsize16/2026-05-25_02-25-53/last.pt,0.39476749300956726,0.7294337749481201,0.3493250012397766,0.7294337749481201,0.25991755723953247,0.5741013884544373,0.33284443616867065,0.7294337749481201,0.39476749300956726,0.7294337749481201
PASTIS_joint_T31TFM,3,PASTIS_joint_T32ULU,2026-05-25_03-27-07,/home/user/results_local/finetuning_results_PASTIS_v2/PASTIS_joint_T32ULU/LIANet_valFolds3_lr0.0001_batchsize16/2026-05-25_03-27-07/last.pt,0.39097660779953003,0.7296924591064453,0.3455292284488678,0.7296924591064453,0.25812608003616333,0.5744219422340393,0.33093467354774475,0.7296924591064453,0.39097660779953003,0.7296924591064453
PASTIS_joint_T31TFM,3,PASTIS_joint_T30UXV,2026-05-24_21-17-48,/home/user/results_local/finetuning_results_PASTIS_v2/PASTIS_joint_T30UXV/LIANet_valFolds3_lr0.0001_batchsize16/2026-05-24_21-17-48/last.pt,0.33986467123031616,0.6504777669906616,0.2588562071323395,0.6504778265953064,0.1925409734249115,0.4820060133934021,0.2613304853439331,0.6504777669906616,0.33986467123031616,0.6504777669906616
PASTIS_joint_T31TFM,3,PASTIS_joint_T30UXV,2026-05-24_22-05-57,/home/user/results_local/finetuning_results_PASTIS_v2/PASTIS_joint_T30UXV/LIANet_valFolds3_lr0.0001_batchsize16/2026-05-24_22-05-57/last.pt,0.3294505178928375,0.6405048370361328,0.2547701895236969,0.6405048370361328,0.18947744369506836,0.4711343050003052,0.27473580837249756,0.6405048370361328,0.3294505178928375,0.6405048370361328
PASTIS_joint_T31TFM,3,PASTIS_joint_T30UXV,2026-05-24_22-53-54,/home/user/results_local/finetuning_results_PASTIS_v2/PASTIS_joint_T30UXV/LIANet_valFolds3_lr0.0001_batchsize16/2026-05-24_22-53-54/last.pt,0.33233368396759033,0.6318743228912354,0.25242045521736145,0.6318743228912354,0.18578991293907166,0.4618540108203888,0.2844456732273102,0.6318743228912354,0.33233368396759033,0.6318743228912354
PASTIS_joint_T31TFM,3,PASTIS_joint_T30UXV,2026-05-24_23-41-56,/home/user/results_local/finetuning_results_PASTIS_v2/PASTIS_joint_T30UXV/LIANet_valFolds3_lr0.0001_batchsize16/2026-05-24_23-41-56/last.pt,0.33797645568847656,0.6332634091377258,0.25746992230415344,0.6332634091377258,0.19077959656715393,0.46333974599838257,0.2820053696632385,0.6332634091377258,0.33797645568847656,0.6332634091377258
PASTIS_joint_T31TFM,3,PASTIS_joint_T30UXV,2026-05-25_00-29-50,/home/user/results_local/finetuning_results_PASTIS_v2/PASTIS_joint_T30UXV/LIANet_valFolds3_lr0.0001_batchsize16/2026-05-25_00-29-50/last.pt,0.3286118805408478,0.640998363494873,0.25283685326576233,0.640998363494873,0.18770357966423035,0.471668541431427,0.273348331451416,0.640998363494873,0.3286118805408478,0.640998363494873
PASTIS_joint_T31TFM,4,PASTIS_joint_T31TFJ,2026-05-25_13-40-18,/home/user/results_local/finetuning_results_PASTIS_v2/PASTIS_joint_T31TFJ/LIANet_valFolds4_lr0.0001_batchsize16/2026-05-25_13-40-18/last.pt,0.2692970633506775,0.5091248750686646,0.19459837675094604,0.5091248750686646,0.1316467821598053,0.34149396419525146,0.2498038113117218,0.5091248750686646,0.2692970633506775,0.5091248750686646
PASTIS_joint_T31TFM,4,PASTIS_joint_T31TFJ,2026-05-25_15-18-34,/home/user/results_local/finetuning_results_PASTIS_v2/PASTIS_joint_T31TFJ/LIANet_valFolds4_lr0.0001_batchsize16/2026-05-25_15-18-34/last.pt,0.2928919792175293,0.5151734948158264,0.19595876336097717,0.5151734948158264,0.13300961256027222,0.3469586968421936,0.2354472279548645,0.5151734948158264,0.2928919792175293,0.5151734948158264
PASTIS_joint_T31TFM,4,PASTIS_joint_T31TFJ,2026-05-25_16-56-26,/home/user/results_local/finetuning_results_PASTIS_v2/PASTIS_joint_T31TFJ/LIANet_valFolds4_lr0.0001_batchsize16/2026-05-25_16-56-26/last.pt,0.26332613825798035,0.535828173160553,0.2013089656829834,0.535828173160553,0.13644355535507202,0.36595994234085083,0.24389785528182983,0.535828173160553,0.26332613825798035,0.535828173160553
PASTIS_joint_T31TFM,4,PASTIS_joint_T31TFJ,2026-05-25_18-34-37,/home/user/results_local/finetuning_results_PASTIS_v2/PASTIS_joint_T31TFJ/LIANet_valFolds4_lr0.0001_batchsize16/2026-05-25_18-34-37/last.pt,0.24578312039375305,0.49664825201034546,0.18524155020713806,0.49664825201034546,0.12250696867704391,0.33036065101623535,0.23159100115299225,0.49664825201034546,0.24578312039375305,0.49664825201034546
PASTIS_joint_T31TFM,4,PASTIS_joint_T31TFJ,2026-05-25_20-12-46,/home/user/results_local/finetuning_results_PASTIS_v2/PASTIS_joint_T31TFJ/LIANet_valFolds4_lr0.0001_batchsize16/2026-05-25_20-12-46/last.pt,0.2567872703075409,0.48102012276649475,0.17989066243171692,0.48102012276649475,0.11864642798900604,0.3166730999946594,0.2265111804008484,0.48102012276649475,0.2567872703075409,0.48102012276649475
PASTIS_joint_T31TFM,4,PASTIS_joint_T32ULU,2026-05-25_04-28-06,/home/user/results_local/finetuning_results_PASTIS_v2/PASTIS_joint_T32ULU/LIANet_valFolds4_lr0.0001_batchsize16/2026-05-25_04-28-06/last.pt,0.41652584075927734,0.7439846396446228,0.37211740016937256,0.7439846396446228,0.2748335301876068,0.5923372507095337,0.3597055673599243,0.7439846396446228,0.41652584075927734,0.7439846396446228
PASTIS_joint_T31TFM,4,PASTIS_joint_T32ULU,2026-05-25_05-28-08,/home/user/results_local/finetuning_results_PASTIS_v2/PASTIS_joint_T32ULU/LIANet_valFolds4_lr0.0001_batchsize16/2026-05-25_05-28-08/last.pt,0.4266449213027954,0.739216148853302,0.3707481026649475,0.739216148853302,0.27424877882003784,0.5863146185874939,0.357079416513443,0.739216148853302,0.4266449213027954,0.739216148853302
PASTIS_joint_T31TFM,4,PASTIS_joint_T32ULU,2026-05-25_06-27-59,/home/user/results_local/finetuning_results_PASTIS_v2/PASTIS_joint_T32ULU/LIANet_valFolds4_lr0.0001_batchsize16/2026-05-25_06-27-59/last.pt,0.4159683883190155,0.7337639331817627,0.3585960566997528,0.7337639331817627,0.26578354835510254,0.579484224319458,0.3443404734134674,0.7337639331817627,0.4159683883190155,0.7337639331817627
PASTIS_joint_T31TFM,4,PASTIS_joint_T32ULU,2026-05-25_07-27-59,/home/user/results_local/finetuning_results_PASTIS_v2/PASTIS_joint_T32ULU/LIANet_valFolds4_lr0.0001_batchsize16/2026-05-25_07-27-59/last.pt,0.4221804440021515,0.7265233397483826,0.3615005910396576,0.7265233397483826,0.2659284770488739,0.570503830909729,0.3471728265285492,0.7265233397483826,0.4221804440021515,0.7265233397483826
PASTIS_joint_T31TFM,4,PASTIS_joint_T32ULU,2026-05-25_08-28-22,/home/user/results_local/finetuning_results_PASTIS_v2/PASTIS_joint_T32ULU/LIANet_valFolds4_lr0.0001_batchsize16/2026-05-25_08-28-22/last.pt,0.42364615201950073,0.7328059077262878,0.3625018000602722,0.7328059077262878,0.2677064836025238,0.5782902836799622,0.3482086658477783,0.7328059077262878,0.42364615201950073,0.7328059077262878
PASTIS_joint_T31TFM,4,PASTIS_joint_T30UXV,2026-05-25_01-17-42,/home/user/results_local/finetuning_results_PASTIS_v2/PASTIS_joint_T30UXV/LIANet_valFolds4_lr0.0001_batchsize16/2026-05-25_01-17-42/last.pt,0.3631780743598938,0.657931387424469,0.26024380326271057,0.657931387424469,0.1949269026517868,0.4902367889881134,0.26756352186203003,0.657931387424469,0.3631780743598938,0.657931387424469
PASTIS_joint_T31TFM,4,PASTIS_joint_T30UXV,2026-05-25_02-04-36,/home/user/results_local/finetuning_results_PASTIS_v2/PASTIS_joint_T30UXV/LIANet_valFolds4_lr0.0001_batchsize16/2026-05-25_02-04-36/last.pt,0.3615342974662781,0.6651668548583984,0.26331838965415955,0.6651668548583984,0.19759640097618103,0.49831458926200867,0.2663128972053528,0.6651668548583984,0.3615342974662781,0.6651668548583984
PASTIS_joint_T31TFM,4,PASTIS_joint_T30UXV,2026-05-25_02-51-33,/home/user/results_local/finetuning_results_PASTIS_v2/PASTIS_joint_T30UXV/LIANet_valFolds4_lr0.0001_batchsize16/2026-05-25_02-51-33/last.pt,0.36094120144844055,0.6638475656509399,0.2655113637447357,0.6638475656509399,0.19933241605758667,0.49683520197868347,0.27291613817214966,0.6638475656509399,0.36094120144844055,0.6638475656509399
PASTIS_joint_T31TFM,4,PASTIS_joint_T30UXV,2026-05-25_03-38-35,/home/user/results_local/finetuning_results_PASTIS_v2/PASTIS_joint_T30UXV/LIANet_valFolds4_lr0.0001_batchsize16/2026-05-25_03-38-35/last.pt,0.36553990840911865,0.6612429618835449,0.26404479146003723,0.6612429618835449,0.19736739993095398,0.4939230680465698,0.27554959058761597,0.6612429618835449,0.36553990840911865,0.6612429618835449
PASTIS_joint_T31TFM,4,PASTIS_joint_T30UXV,2026-05-25_04-25-39,/home/user/results_local/finetuning_results_PASTIS_v2/PASTIS_joint_T30UXV/LIANet_valFolds4_lr0.0001_batchsize16/2026-05-25_04-25-39/last.pt,0.3670364320278168,0.664240837097168,0.2627129852771759,0.664240837097168,0.19604918360710144,0.49727585911750793,0.26478153467178345,0.664240837097168,0.3670364320278168,0.664240837097168
PASTIS_joint_T31TFM,5,PASTIS_joint_T31TFJ,2026-05-25_21-49-18,/home/user/results_local/finetuning_results_PASTIS_v2/PASTIS_joint_T31TFJ/LIANet_valFolds5_lr0.0001_batchsize16/2026-05-25_21-49-18/last.pt,0.22757770121097565,0.44060924649238586,0.17122197151184082,0.4406091868877411,0.11293318122625351,0.2825521230697632,0.2429875135421753,0.44060924649238586,0.22757770121097565,0.44060924649238586
PASTIS_joint_T31TFM,5,PASTIS_joint_T31TFJ,2026-05-25_23-23-19,/home/user/results_local/finetuning_results_PASTIS_v2/PASTIS_joint_T31TFJ/LIANet_valFolds5_lr0.0001_batchsize16/2026-05-25_23-23-19/last.pt,0.25178250670433044,0.4866158366203308,0.17559364438056946,0.4866158366203308,0.11702927947044373,0.3215414881706238,0.25172415375709534,0.4866158366203308,0.25178250670433044,0.4866158366203308
PASTIS_joint_T31TFM,5,PASTIS_joint_T31TFJ,2026-05-26_00-57-16,/home/user/results_local/finetuning_results_PASTIS_v2/PASTIS_joint_T31TFJ/LIANet_valFolds5_lr0.0001_batchsize16/2026-05-26_00-57-16/last.pt,0.23984113335609436,0.457901269197464,0.17825999855995178,0.457901269197464,0.11819782108068466,0.2969337999820709,0.23759180307388306,0.457901269197464,0.23984113335609436,0.457901269197464
PASTIS_joint_T31TFM,5,PASTIS_joint_T31TFJ,2026-05-26_02-31-31,/home/user/results_local/finetuning_results_PASTIS_v2/PASTIS_joint_T31TFJ/LIANet_valFolds5_lr0.0001_batchsize16/2026-05-26_02-31-31/last.pt,0.24749532341957092,0.449086993932724,0.17710426449775696,0.449086993932724,0.11870206147432327,0.28956300020217896,0.25388145446777344,0.449086993932724,0.24749532341957092,0.449086993932724
PASTIS_joint_T31TFM,5,PASTIS_joint_T31TFJ,2026-05-26_04-06-11,/home/user/results_local/finetuning_results_PASTIS_v2/PASTIS_joint_T31TFJ/LIANet_valFolds5_lr0.0001_batchsize16/2026-05-26_04-06-11/last.pt,0.2416016012430191,0.41695794463157654,0.17940863966941833,0.41695794463157654,0.11714564263820648,0.26339030265808105,0.24372753500938416,0.41695794463157654,0.2416016012430191,0.41695794463157654
PASTIS_joint_T31TFM,5,PASTIS_joint_T32ULU,2026-05-25_09-28-48,/home/user/results_local/finetuning_results_PASTIS_v2/PASTIS_joint_T32ULU/LIANet_valFolds5_lr0.0001_batchsize16/2026-05-25_09-28-48/last.pt,0.3970356583595276,0.7176327705383301,0.34744828939437866,0.7176327705383301,0.2575894296169281,0.5596156120300293,0.3360532522201538,0.7176327705383301,0.3970356583595276,0.7176327705383301
PASTIS_joint_T31TFM,5,PASTIS_joint_T32ULU,2026-05-25_10-31-40,/home/user/results_local/finetuning_results_PASTIS_v2/PASTIS_joint_T32ULU/LIANet_valFolds5_lr0.0001_batchsize16/2026-05-25_10-31-40/last.pt,0.41472184658050537,0.7249050736427307,0.3579503893852234,0.7249050736427307,0.26570188999176025,0.5685105919837952,0.3502487242221832,0.7249050736427307,0.41472184658050537,0.7249050736427307
PASTIS_joint_T31TFM,5,PASTIS_joint_T32ULU,2026-05-25_11-34-33,/home/user/results_local/finetuning_results_PASTIS_v2/PASTIS_joint_T32ULU/LIANet_valFolds5_lr0.0001_batchsize16/2026-05-25_11-34-33/last.pt,0.3915858864784241,0.7182947397232056,0.3433311879634857,0.7182947397232056,0.2553625702857971,0.5604211688041687,0.33396095037460327,0.7182947397232056,0.3915858864784241,0.7182947397232056
PASTIS_joint_T31TFM,5,PASTIS_joint_T32ULU,2026-05-25_12-37-15,/home/user/results_local/finetuning_results_PASTIS_v2/PASTIS_joint_T32ULU/LIANet_valFolds5_lr0.0001_batchsize16/2026-05-25_12-37-15/last.pt,0.40932363271713257,0.7188971638679504,0.35370564460754395,0.7188971638679504,0.26261335611343384,0.561154842376709,0.3380786180496216,0.7188971638679504,0.40932363271713257,0.7188971638679504
PASTIS_joint_T31TFM,5,PASTIS_joint_T32ULU,2026-05-25_13-40-02,/home/user/results_local/finetuning_results_PASTIS_v2/PASTIS_joint_T32ULU/LIANet_valFolds5_lr0.0001_batchsize16/2026-05-25_13-40-02/last.pt,0.406918466091156,0.7180588245391846,0.35304927825927734,0.7180588245391846,0.26055923104286194,0.5601339936256409,0.33794260025024414,0.7180588245391846,0.406918466091156,0.7180588245391846
PASTIS_joint_T31TFM,5,PASTIS_joint_T30UXV,2026-05-25_05-12-29,/home/user/results_local/finetuning_results_PASTIS_v2/PASTIS_joint_T30UXV/LIANet_valFolds5_lr0.0001_batchsize16/2026-05-25_05-12-29/last.pt,0.3241274952888489,0.644839882850647,0.25246521830558777,0.644839882850647,0.18773490190505981,0.47584038972854614,0.26547327637672424,0.644839882850647,0.3241274952888489,0.644839882850647
PASTIS_joint_T31TFM,5,PASTIS_joint_T30UXV,2026-05-25_05-58-27,/home/user/results_local/finetuning_results_PASTIS_v2/PASTIS_joint_T30UXV/LIANet_valFolds5_lr0.0001_batchsize16/2026-05-25_05-58-27/last.pt,0.32129690051078796,0.6553596258163452,0.258135586977005,0.6553596258163452,0.1933494508266449,0.48738646507263184,0.2890017032623291,0.6553596258163452,0.32129690051078796,0.6553596258163452
PASTIS_joint_T31TFM,5,PASTIS_joint_T30UXV,2026-05-25_06-45-15,/home/user/results_local/finetuning_results_PASTIS_v2/PASTIS_joint_T30UXV/LIANet_valFolds5_lr0.0001_batchsize16/2026-05-25_06-45-15/last.pt,0.3312726616859436,0.6472075581550598,0.2526952624320984,0.6472075581550598,0.18905608355998993,0.47842341661453247,0.26584315299987793,0.6472075581550598,0.3312726616859436,0.6472075581550598
PASTIS_joint_T31TFM,5,PASTIS_joint_T30UXV,2026-05-25_07-31-56,/home/user/results_local/finetuning_results_PASTIS_v2/PASTIS_joint_T30UXV/LIANet_valFolds5_lr0.0001_batchsize16/2026-05-25_07-31-56/last.pt,0.32715317606925964,0.6531580686569214,0.25592342019081116,0.6531580686569214,0.19159945845603943,0.48495519161224365,0.28008508682250977,0.6531580686569214,0.32715317606925964,0.6531580686569214
PASTIS_joint_T31TFM,5,PASTIS_joint_T30UXV,2026-05-25_08-18-07,/home/user/results_local/finetuning_results_PASTIS_v2/PASTIS_joint_T30UXV/LIANet_valFolds5_lr0.0001_batchsize16/2026-05-25_08-18-07/last.pt,0.3203733563423157,0.6492100358009338,0.2538902759552002,0.6492100358009338,0.1892518699169159,0.4806150496006012,0.2701301872730255,0.6492100358009338,0.3203733563423157,0.6492100358009338
PASTIS_joint_T31TFJ,1,PASTIS_joint_T31TFM,2026-05-24_13-21-12,/home/user/results_local/finetuning_results_PASTIS_v2/PASTIS_joint_T31TFM/LIANet_valFolds1_lr0.0001_batchsize16/2026-05-24_13-21-12/last.pt,0.22738352417945862,0.5840595364570618,0.1587618738412857,0.5840595960617065,0.10433457791805267,0.41248881816864014,0.17733989655971527,0.5840595364570618,0.22738352417945862,0.5840595364570618
PASTIS_joint_T31TFJ,1,PASTIS_joint_T31TFM,2026-05-24_14-34-09,/home/user/results_local/finetuning_results_PASTIS_v2/PASTIS_joint_T31TFM/LIANet_valFolds1_lr0.0001_batchsize16/2026-05-24_14-34-09/last.pt,0.21346154808998108,0.5724291205406189,0.15857231616973877,0.5724291205406189,0.10332009196281433,0.40098121762275696,0.17032785713672638,0.5724291205406189,0.21346154808998108,0.5724291205406189
PASTIS_joint_T31TFJ,1,PASTIS_joint_T31TFM,2026-05-24_15-47-10,/home/user/results_local/finetuning_results_PASTIS_v2/PASTIS_joint_T31TFM/LIANet_valFolds1_lr0.0001_batchsize16/2026-05-24_15-47-10/last.pt,0.23505300283432007,0.5603395104408264,0.15420249104499817,0.5603395104408264,0.09956074506044388,0.38921651244163513,0.1600770503282547,0.5603395104408264,0.23505300283432007,0.5603395104408264
PASTIS_joint_T31TFJ,1,PASTIS_joint_T31TFM,2026-05-24_16-59-54,/home/user/results_local/finetuning_results_PASTIS_v2/PASTIS_joint_T31TFM/LIANet_valFolds1_lr0.0001_batchsize16/2026-05-24_16-59-54/last.pt,0.2196500301361084,0.5638048052787781,0.15643906593322754,0.5638048052787781,0.10122109204530716,0.39256832003593445,0.15302219986915588,0.5638048052787781,0.2196500301361084,0.5638048052787781
PASTIS_joint_T31TFJ,1,PASTIS_joint_T31TFM,2026-05-24_18-12-51,/home/user/results_local/finetuning_results_PASTIS_v2/PASTIS_joint_T31TFM/LIANet_valFolds1_lr0.0001_batchsize16/2026-05-24_18-12-51/last.pt,0.23156537115573883,0.5619192719459534,0.16715463995933533,0.5619192719459534,0.10806052386760712,0.39074254035949707,0.17819906771183014,0.5619192719459534,0.23156537115573883,0.5619192719459534
PASTIS_joint_T31TFJ,1,PASTIS_joint_T32ULU,2026-05-24_13-21-15,/home/user/results_local/finetuning_results_PASTIS_v2/PASTIS_joint_T32ULU/LIANet_valFolds1_lr0.0001_batchsize16/2026-05-24_13-21-15/last.pt,0.24703191220760345,0.5631148219108582,0.1662181317806244,0.5631148219108582,0.10633978992700577,0.39189961552619934,0.16777093708515167,0.5631148219108582,0.24703191220760345,0.5631148219108582
PASTIS_joint_T31TFJ,1,PASTIS_joint_T32ULU,2026-05-24_14-22-35,/home/user/results_local/finetuning_results_PASTIS_v2/PASTIS_joint_T32ULU/LIANet_valFolds1_lr0.0001_batchsize16/2026-05-24_14-22-35/last.pt,0.2425788938999176,0.5371052026748657,0.16987378895282745,0.5371052026748657,0.10700567811727524,0.3671523630619049,0.1810644268989563,0.5371052026748657,0.2425788938999176,0.5371052026748657
PASTIS_joint_T31TFJ,1,PASTIS_joint_T32ULU,2026-05-24_15-24-11,/home/user/results_local/finetuning_results_PASTIS_v2/PASTIS_joint_T32ULU/LIANet_valFolds1_lr0.0001_batchsize16/2026-05-24_15-24-11/last.pt,0.24630722403526306,0.5502907633781433,0.15962886810302734,0.5502907633781433,0.10185825824737549,0.3795870244503021,0.1679440140724182,0.5502907633781433,0.24630722403526306,0.5502907633781433
PASTIS_joint_T31TFJ,1,PASTIS_joint_T32ULU,2026-05-24_16-25-56,/home/user/results_local/finetuning_results_PASTIS_v2/PASTIS_joint_T32ULU/LIANet_valFolds1_lr0.0001_batchsize16/2026-05-24_16-25-56/last.pt,0.2339506298303604,0.5251716375350952,0.1560104340314865,0.5251716375350952,0.09802442789077759,0.3560899794101715,0.16273632645606995,0.5251716375350952,0.2339506298303604,0.5251716375350952
PASTIS_joint_T31TFJ,1,PASTIS_joint_T32ULU,2026-05-24_17-27-41,/home/user/results_local/finetuning_results_PASTIS_v2/PASTIS_joint_T32ULU/LIANet_valFolds1_lr0.0001_batchsize16/2026-05-24_17-27-41/last.pt,0.22197744250297546,0.5391103625297546,0.15350580215454102,0.5391103625297546,0.0973210334777832,0.36902880668640137,0.15977886319160461,0.5391103625297546,0.22197744250297546,0.5391103625297546
PASTIS_joint_T31TFJ,1,PASTIS_joint_T30UXV,2026-05-24_13-21-19,/home/user/results_local/finetuning_results_PASTIS_v2/PASTIS_joint_T30UXV/LIANet_valFolds1_lr0.0001_batchsize16/2026-05-24_13-21-19/last.pt,0.1744348704814911,0.4786706566810608,0.1112024337053299,0.4786706268787384,0.07112900167703629,0.31463974714279175,0.16333574056625366,0.4786706566810608,0.1744348704814911,0.4786706566810608
PASTIS_joint_T31TFJ,1,PASTIS_joint_T30UXV,2026-05-24_14-08-30,/home/user/results_local/finetuning_results_PASTIS_v2/PASTIS_joint_T30UXV/LIANet_valFolds1_lr0.0001_batchsize16/2026-05-24_14-08-30/last.pt,0.16741910576820374,0.5080875158309937,0.10851083695888519,0.5080875754356384,0.0703771635890007,0.3405611515045166,0.17083916068077087,0.5080875158309937,0.16741910576820374,0.5080875158309937
PASTIS_joint_T31TFJ,1,PASTIS_joint_T30UXV,2026-05-24_14-55-23,/home/user/results_local/finetuning_results_PASTIS_v2/PASTIS_joint_T30UXV/LIANet_valFolds1_lr0.0001_batchsize16/2026-05-24_14-55-23/last.pt,0.1567801833152771,0.4839043617248535,0.09838894009590149,0.4839043617248535,0.06412352621555328,0.3191779851913452,0.12501934170722961,0.4839043617248535,0.1567801833152771,0.4839043617248535
PASTIS_joint_T31TFJ,1,PASTIS_joint_T30UXV,2026-05-24_15-42-33,/home/user/results_local/finetuning_results_PASTIS_v2/PASTIS_joint_T30UXV/LIANet_valFolds1_lr0.0001_batchsize16/2026-05-24_15-42-33/last.pt,0.1685720682144165,0.468325138092041,0.10144601762294769,0.46832510828971863,0.06552521884441376,0.30576011538505554,0.12300849705934525,0.468325138092041,0.1685720682144165,0.468325138092041
PASTIS_joint_T31TFJ,1,PASTIS_joint_T30UXV,2026-05-24_16-29-39,/home/user/results_local/finetuning_results_PASTIS_v2/PASTIS_joint_T30UXV/LIANet_valFolds1_lr0.0001_batchsize16/2026-05-24_16-29-39/last.pt,0.17340993881225586,0.5120802521705627,0.10650597512722015,0.5120803117752075,0.06968729197978973,0.3441585302352905,0.13824978470802307,0.5120802521705627,0.17340993881225586,0.5120802521705627
PASTIS_joint_T31TFJ,2,PASTIS_joint_T31TFM,2026-05-24_19-25-56,/home/user/results_local/finetuning_results_PASTIS_v2/PASTIS_joint_T31TFM/LIANet_valFolds2_lr0.0001_batchsize16/2026-05-24_19-25-56/last.pt,0.23667684197425842,0.5640372037887573,0.16673898696899414,0.5640372037887573,0.10657631605863571,0.39279380440711975,0.19690564274787903,0.5640372037887573,0.23667684197425842,0.5640372037887573
PASTIS_joint_T31TFJ,2,PASTIS_joint_T31TFM,2026-05-24_20-39-51,/home/user/results_local/finetuning_results_PASTIS_v2/PASTIS_joint_T31TFM/LIANet_valFolds2_lr0.0001_batchsize16/2026-05-24_20-39-51/last.pt,0.2301555573940277,0.5624776482582092,0.17199158668518066,0.5624776482582092,0.11068466305732727,0.3912826478481293,0.19681601226329803,0.5624776482582092,0.2301555573940277,0.5624776482582092
PASTIS_joint_T31TFJ,2,PASTIS_joint_T31TFM,2026-05-24_21-53-24,/home/user/results_local/finetuning_results_PASTIS_v2/PASTIS_joint_T31TFM/LIANet_valFolds2_lr0.0001_batchsize16/2026-05-24_21-53-24/last.pt,0.2245997190475464,0.5694693922996521,0.1592811793088913,0.5694693922996521,0.1032148152589798,0.3980826735496521,0.18267185986042023,0.5694693922996521,0.2245997190475464,0.5694693922996521
PASTIS_joint_T31TFJ,2,PASTIS_joint_T31TFM,2026-05-24_23-06-41,/home/user/results_local/finetuning_results_PASTIS_v2/PASTIS_joint_T31TFM/LIANet_valFolds2_lr0.0001_batchsize16/2026-05-24_23-06-41/last.pt,0.22001877427101135,0.5646242499351501,0.16117385029792786,0.5646242499351501,0.10407566279172897,0.393363356590271,0.18206045031547546,0.5646242499351501,0.22001877427101135,0.5646242499351501
PASTIS_joint_T31TFJ,2,PASTIS_joint_T31TFM,2026-05-25_00-20-02,/home/user/results_local/finetuning_results_PASTIS_v2/PASTIS_joint_T31TFM/LIANet_valFolds2_lr0.0001_batchsize16/2026-05-25_00-20-02/last.pt,0.23941996693611145,0.5684776902198792,0.172456294298172,0.5684776902198792,0.11101813614368439,0.397114098072052,0.1996898055076599,0.5684776902198792,0.23941996693611145,0.5684776902198792
PASTIS_joint_T31TFJ,2,PASTIS_joint_T32ULU,2026-05-24_18-29-18,/home/user/results_local/finetuning_results_PASTIS_v2/PASTIS_joint_T32ULU/LIANet_valFolds2_lr0.0001_batchsize16/2026-05-24_18-29-18/last.pt,0.26174241304397583,0.542026698589325,0.17510926723480225,0.542026698589325,0.11052577197551727,0.37176722288131714,0.18185916543006897,0.542026698589325,0.26174241304397583,0.542026698589325
PASTIS_joint_T31TFJ,2,PASTIS_joint_T32ULU,2026-05-24_19-28-46,/home/user/results_local/finetuning_results_PASTIS_v2/PASTIS_joint_T32ULU/LIANet_valFolds2_lr0.0001_batchsize16/2026-05-24_19-28-46/last.pt,0.26161980628967285,0.5261540412902832,0.1739245355129242,0.5261540412902832,0.10933346301317215,0.3569939136505127,0.19154901802539825,0.5261540412902832,0.26161980628967285,0.5261540412902832
PASTIS_joint_T31TFJ,2,PASTIS_joint_T32ULU,2026-05-24_20-27-07,/home/user/results_local/finetuning_results_PASTIS_v2/PASTIS_joint_T32ULU/LIANet_valFolds2_lr0.0001_batchsize16/2026-05-24_20-27-07/last.pt,0.25979965925216675,0.5377877354621887,0.17617377638816833,0.5377877354621887,0.11150014400482178,0.36779043078422546,0.18646115064620972,0.5377877354621887,0.25979965925216675,0.5377877354621887
PASTIS_joint_T31TFJ,2,PASTIS_joint_T32ULU,2026-05-24_21-26-18,/home/user/results_local/finetuning_results_PASTIS_v2/PASTIS_joint_T32ULU/LIANet_valFolds2_lr0.0001_batchsize16/2026-05-24_21-26-18/last.pt,0.2547754645347595,0.5300854444503784,0.17261508107185364,0.5300854444503784,0.10914799571037292,0.360623300075531,0.18634328246116638,0.5300854444503784,0.2547754645347595,0.5300854444503784
PASTIS_joint_T31TFJ,2,PASTIS_joint_T32ULU,2026-05-24_22-25-36,/home/user/results_local/finetuning_results_PASTIS_v2/PASTIS_joint_T32ULU/LIANet_valFolds2_lr0.0001_batchsize16/2026-05-24_22-25-36/last.pt,0.25680291652679443,0.5391189455986023,0.1703352928161621,0.5391189455986023,0.10844714939594269,0.3690369129180908,0.18173916637897491,0.5391189455986023,0.25680291652679443,0.5391189455986023
PASTIS_joint_T31TFJ,2,PASTIS_joint_T30UXV,2026-05-24_17-16-54,/home/user/results_local/finetuning_results_PASTIS_v2/PASTIS_joint_T30UXV/LIANet_valFolds2_lr0.0001_batchsize16/2026-05-24_17-16-54/last.pt,0.16186127066612244,0.45175427198410034,0.10093742609024048,0.45175427198410034,0.06430219858884811,0.2917846143245697,0.1432776302099228,0.45175427198410034,0.16186127066612244,0.45175427198410034
PASTIS_joint_T31TFJ,2,PASTIS_joint_T30UXV,2026-05-24_18-04-47,/home/user/results_local/finetuning_results_PASTIS_v2/PASTIS_joint_T30UXV/LIANet_valFolds2_lr0.0001_batchsize16/2026-05-24_18-04-47/last.pt,0.16762147843837738,0.4691786766052246,0.10779736936092377,0.4691786766052246,0.06918439269065857,0.3064882457256317,0.1500476449728012,0.4691786766052246,0.16762147843837738,0.4691786766052246
PASTIS_joint_T31TFJ,2,PASTIS_joint_T30UXV,2026-05-24_18-53-05,/home/user/results_local/finetuning_results_PASTIS_v2/PASTIS_joint_T30UXV/LIANet_valFolds2_lr0.0001_batchsize16/2026-05-24_18-53-05/last.pt,0.16785836219787598,0.49715423583984375,0.11037376523017883,0.49715423583984375,0.07152099907398224,0.33080852031707764,0.13930219411849976,0.49715423583984375,0.16785836219787598,0.49715423583984375
PASTIS_joint_T31TFJ,2,PASTIS_joint_T30UXV,2026-05-24_19-41-16,/home/user/results_local/finetuning_results_PASTIS_v2/PASTIS_joint_T30UXV/LIANet_valFolds2_lr0.0001_batchsize16/2026-05-24_19-41-16/last.pt,0.1734110563993454,0.4583127498626709,0.1116252988576889,0.4583127498626709,0.07068083435297012,0.2972799241542816,0.1521088033914566,0.4583127498626709,0.1734110563993454,0.4583127498626709
PASTIS_joint_T31TFJ,2,PASTIS_joint_T30UXV,2026-05-24_20-29-30,/home/user/results_local/finetuning_results_PASTIS_v2/PASTIS_joint_T30UXV/LIANet_valFolds2_lr0.0001_batchsize16/2026-05-24_20-29-30/last.pt,0.16698235273361206,0.5004978179931641,0.11027646064758301,0.5004978179931641,0.0711364895105362,0.3337760269641876,0.14558354020118713,0.5004978179931641,0.16698235273361206,0.5004978179931641
PASTIS_joint_T31TFJ,3,PASTIS_joint_T31TFM,2026-05-25_01-34-05,/home/user/results_local/finetuning_results_PASTIS_v2/PASTIS_joint_T31TFM/LIANet_valFolds3_lr0.0001_batchsize16/2026-05-25_01-34-05/last.pt,0.222529798746109,0.5349885821342468,0.16955286264419556,0.5349885821342468,0.10869652032852173,0.36517712473869324,0.19568195939064026,0.5349885821342468,0.222529798746109,0.5349885821342468
PASTIS_joint_T31TFJ,3,PASTIS_joint_T31TFM,2026-05-25_02-46-46,/home/user/results_local/finetuning_results_PASTIS_v2/PASTIS_joint_T31TFM/LIANet_valFolds3_lr0.0001_batchsize16/2026-05-25_02-46-46/last.pt,0.2216625213623047,0.5377803444862366,0.16470488905906677,0.5377803444862366,0.10477189719676971,0.3677836060523987,0.17595642805099487,0.5377803444862366,0.2216625213623047,0.5377803444862366
PASTIS_joint_T31TFJ,3,PASTIS_joint_T31TFM,2026-05-25_03-59-38,/home/user/results_local/finetuning_results_PASTIS_v2/PASTIS_joint_T31TFM/LIANet_valFolds3_lr0.0001_batchsize16/2026-05-25_03-59-38/last.pt,0.2036183774471283,0.513595700263977,0.15079329907894135,0.513595700263977,0.09585286676883698,0.3455289304256439,0.1578664779663086,0.513595700263977,0.2036183774471283,0.513595700263977
PASTIS_joint_T31TFJ,3,PASTIS_joint_T31TFM,2026-05-25_05-12-35,/home/user/results_local/finetuning_results_PASTIS_v2/PASTIS_joint_T31TFM/LIANet_valFolds3_lr0.0001_batchsize16/2026-05-25_05-12-35/last.pt,0.20935861766338348,0.5176382660865784,0.15570494532585144,0.5176382660865784,0.09881193935871124,0.3491983413696289,0.16140961647033691,0.5176382660865784,0.20935861766338348,0.5176382660865784
PASTIS_joint_T31TFJ,3,PASTIS_joint_T31TFM,2026-05-25_06-25-22,/home/user/results_local/finetuning_results_PASTIS_v2/PASTIS_joint_T31TFM/LIANet_valFolds3_lr0.0001_batchsize16/2026-05-25_06-25-22/last.pt,0.22189059853553772,0.49968886375427246,0.15919195115566254,0.49968886375427246,0.10056285560131073,0.33305683732032776,0.161525696516037,0.49968886375427246,0.22189059853553772,0.49968886375427246
PASTIS_joint_T31TFJ,3,PASTIS_joint_T32ULU,2026-05-24_23-24-56,/home/user/results_local/finetuning_results_PASTIS_v2/PASTIS_joint_T32ULU/LIANet_valFolds3_lr0.0001_batchsize16/2026-05-24_23-24-56/last.pt,0.22129660844802856,0.5222865343093872,0.1792680025100708,0.5222865343093872,0.11272066086530685,0.35344234108924866,0.20343974232673645,0.5222865343093872,0.22129660844802856,0.5222865343093872
PASTIS_joint_T31TFJ,3,PASTIS_joint_T32ULU,2026-05-25_00-25-10,/home/user/results_local/finetuning_results_PASTIS_v2/PASTIS_joint_T32ULU/LIANet_valFolds3_lr0.0001_batchsize16/2026-05-25_00-25-10/last.pt,0.2192729115486145,0.49564817547798157,0.15807466208934784,0.49564817547798157,0.09862473607063293,0.3294762372970581,0.1814000904560089,0.49564817547798157,0.2192729115486145,0.49564817547798157
PASTIS_joint_T31TFJ,3,PASTIS_joint_T32ULU,2026-05-25_01-25-25,/home/user/results_local/finetuning_results_PASTIS_v2/PASTIS_joint_T32ULU/LIANet_valFolds3_lr0.0001_batchsize16/2026-05-25_01-25-25/last.pt,0.20096153020858765,0.4946931302547455,0.15911102294921875,0.4946931302547455,0.09930858016014099,0.32863274216651917,0.1805533468723297,0.4946931302547455,0.20096153020858765,0.4946931302547455
PASTIS_joint_T31TFJ,3,PASTIS_joint_T32ULU,2026-05-25_02-25-53,/home/user/results_local/finetuning_results_PASTIS_v2/PASTIS_joint_T32ULU/LIANet_valFolds3_lr0.0001_batchsize16/2026-05-25_02-25-53/last.pt,0.21855126321315765,0.5169867277145386,0.16570481657981873,0.5169867277145386,0.10398121923208237,0.34860557317733765,0.19580206274986267,0.5169867277145386,0.21855126321315765,0.5169867277145386
PASTIS_joint_T31TFJ,3,PASTIS_joint_T32ULU,2026-05-25_03-27-07,/home/user/results_local/finetuning_results_PASTIS_v2/PASTIS_joint_T32ULU/LIANet_valFolds3_lr0.0001_batchsize16/2026-05-25_03-27-07/last.pt,0.21947795152664185,0.4899059236049652,0.16128572821617126,0.4899059236049652,0.10029221326112747,0.32442083954811096,0.1754039227962494,0.4899059236049652,0.21947795152664185,0.4899059236049652
PASTIS_joint_T31TFJ,3,PASTIS_joint_T30UXV,2026-05-24_21-17-48,/home/user/results_local/finetuning_results_PASTIS_v2/PASTIS_joint_T30UXV/LIANet_valFolds3_lr0.0001_batchsize16/2026-05-24_21-17-48/last.pt,0.16331636905670166,0.44820430874824524,0.10163534432649612,0.44820430874824524,0.06498673558235168,0.288829505443573,0.11280708760023117,0.44820430874824524,0.16331636905670166,0.44820430874824524
PASTIS_joint_T31TFJ,3,PASTIS_joint_T30UXV,2026-05-24_22-05-57,/home/user/results_local/finetuning_results_PASTIS_v2/PASTIS_joint_T30UXV/LIANet_valFolds3_lr0.0001_batchsize16/2026-05-24_22-05-57/last.pt,0.15153688192367554,0.47902175784111023,0.1043100655078888,0.47902175784111023,0.06778417527675629,0.31494322419166565,0.1449422389268875,0.47902175784111023,0.15153688192367554,0.47902175784111023
PASTIS_joint_T31TFJ,3,PASTIS_joint_T30UXV,2026-05-24_22-53-54,/home/user/results_local/finetuning_results_PASTIS_v2/PASTIS_joint_T30UXV/LIANet_valFolds3_lr0.0001_batchsize16/2026-05-24_22-53-54/last.pt,0.1579713523387909,0.4689350426197052,0.09600917249917984,0.4689350426197052,0.0626228079199791,0.30628031492233276,0.12449783831834793,0.4689350426197052,0.1579713523387909,0.4689350426197052
PASTIS_joint_T31TFJ,3,PASTIS_joint_T30UXV,2026-05-24_23-41-56,/home/user/results_local/finetuning_results_PASTIS_v2/PASTIS_joint_T30UXV/LIANet_valFolds3_lr0.0001_batchsize16/2026-05-24_23-41-56/last.pt,0.1509508490562439,0.4548230469226837,0.09345966577529907,0.4548230469226837,0.061216309666633606,0.29435014724731445,0.15520423650741577,0.4548230469226837,0.1509508490562439,0.4548230469226837
PASTIS_joint_T31TFJ,3,PASTIS_joint_T30UXV,2026-05-25_00-29-50,/home/user/results_local/finetuning_results_PASTIS_v2/PASTIS_joint_T30UXV/LIANet_valFolds3_lr0.0001_batchsize16/2026-05-25_00-29-50/last.pt,0.15708696842193604,0.4653727412223816,0.09396221488714218,0.4653727412223816,0.06127658113837242,0.3032480776309967,0.1090378686785698,0.4653727412223816,0.15708696842193604,0.4653727412223816
PASTIS_joint_T31TFJ,4,PASTIS_joint_T31TFM,2026-05-25_07-38-13,/home/user/results_local/finetuning_results_PASTIS_v2/PASTIS_joint_T31TFM/LIANet_valFolds4_lr0.0001_batchsize16/2026-05-25_07-38-13/last.pt,0.2176399827003479,0.5680820941925049,0.16504013538360596,0.5680820941925049,0.10548436641693115,0.39672812819480896,0.1699216067790985,0.5680820941925049,0.2176399827003479,0.5680820941925049
PASTIS_joint_T31TFJ,4,PASTIS_joint_T31TFM,2026-05-25_08-53-35,/home/user/results_local/finetuning_results_PASTIS_v2/PASTIS_joint_T31TFM/LIANet_valFolds4_lr0.0001_batchsize16/2026-05-25_08-53-35/last.pt,0.22367529571056366,0.5881027579307556,0.1771237552165985,0.5881027579307556,0.11434519290924072,0.4165336787700653,0.20241506397724152,0.5881027579307556,0.22367529571056366,0.5881027579307556
PASTIS_joint_T31TFJ,4,PASTIS_joint_T31TFM,2026-05-25_10-09-07,/home/user/results_local/finetuning_results_PASTIS_v2/PASTIS_joint_T31TFM/LIANet_valFolds4_lr0.0001_batchsize16/2026-05-25_10-09-07/last.pt,0.19986864924430847,0.5754445791244507,0.15465159714221954,0.5754445791244507,0.10045862942934036,0.40394678711891174,0.16414807736873627,0.5754445791244507,0.19986864924430847,0.5754445791244507
PASTIS_joint_T31TFJ,4,PASTIS_joint_T31TFM,2026-05-25_11-24-46,/home/user/results_local/finetuning_results_PASTIS_v2/PASTIS_joint_T31TFM/LIANet_valFolds4_lr0.0001_batchsize16/2026-05-25_11-24-46/last.pt,0.21488194167613983,0.5679657459259033,0.16470736265182495,0.5679657459259033,0.10597049444913864,0.39661461114883423,0.1809338927268982,0.5679657459259033,0.21488194167613983,0.5679657459259033
PASTIS_joint_T31TFJ,4,PASTIS_joint_T31TFM,2026-05-25_12-40-14,/home/user/results_local/finetuning_results_PASTIS_v2/PASTIS_joint_T31TFM/LIANet_valFolds4_lr0.0001_batchsize16/2026-05-25_12-40-14/last.pt,0.20898790657520294,0.5751136541366577,0.16276249289512634,0.5751136541366577,0.10519272089004517,0.4036206901073456,0.1812959760427475,0.5751136541366577,0.20898790657520294,0.5751136541366577
PASTIS_joint_T31TFJ,4,PASTIS_joint_T32ULU,2026-05-25_04-28-06,/home/user/results_local/finetuning_results_PASTIS_v2/PASTIS_joint_T32ULU/LIANet_valFolds4_lr0.0001_batchsize16/2026-05-25_04-28-06/last.pt,0.228156179189682,0.5552168488502502,0.152886763215065,0.5552168488502502,0.09710231423377991,0.3842907249927521,0.17392967641353607,0.5552168488502502,0.228156179189682,0.5552168488502502
PASTIS_joint_T31TFJ,4,PASTIS_joint_T32ULU,2026-05-25_05-28-08,/home/user/results_local/finetuning_results_PASTIS_v2/PASTIS_joint_T32ULU/LIANet_valFolds4_lr0.0001_batchsize16/2026-05-25_05-28-08/last.pt,0.23895369470119476,0.5354955792427063,0.16275525093078613,0.5354955792427063,0.10165808349847794,0.36564967036247253,0.18860620260238647,0.5354955792427063,0.23895369470119476,0.5354955792427063
PASTIS_joint_T31TFJ,4,PASTIS_joint_T32ULU,2026-05-25_06-27-59,/home/user/results_local/finetuning_results_PASTIS_v2/PASTIS_joint_T32ULU/LIANet_valFolds4_lr0.0001_batchsize16/2026-05-25_06-27-59/last.pt,0.21604794263839722,0.5395651459693909,0.16323722898960114,0.5395651459693909,0.10335442423820496,0.3694550693035126,0.1942766010761261,0.5395651459693909,0.21604794263839722,0.5395651459693909
PASTIS_joint_T31TFJ,4,PASTIS_joint_T32ULU,2026-05-25_07-27-59,/home/user/results_local/finetuning_results_PASTIS_v2/PASTIS_joint_T32ULU/LIANet_valFolds4_lr0.0001_batchsize16/2026-05-25_07-27-59/last.pt,0.2211405634880066,0.525836169719696,0.15428803861141205,0.525836169719696,0.09723498672246933,0.3567012846469879,0.16438668966293335,0.525836169719696,0.2211405634880066,0.525836169719696
PASTIS_joint_T31TFJ,4,PASTIS_joint_T32ULU,2026-05-25_08-28-22,/home/user/results_local/finetuning_results_PASTIS_v2/PASTIS_joint_T32ULU/LIANet_valFolds4_lr0.0001_batchsize16/2026-05-25_08-28-22/last.pt,0.2479783296585083,0.5493961572647095,0.16347002983093262,0.5493961572647095,0.10315541177988052,0.3787361979484558,0.16999152302742004,0.5493961572647095,0.2479783296585083,0.5493961572647095
PASTIS_joint_T31TFJ,4,PASTIS_joint_T30UXV,2026-05-25_01-17-42,/home/user/results_local/finetuning_results_PASTIS_v2/PASTIS_joint_T30UXV/LIANet_valFolds4_lr0.0001_batchsize16/2026-05-25_01-17-42/last.pt,0.17975467443466187,0.504765510559082,0.10584385693073273,0.504765510559082,0.06908780336380005,0.33758285641670227,0.15972910821437836,0.504765510559082,0.17975467443466187,0.504765510559082
PASTIS_joint_T31TFJ,4,PASTIS_joint_T30UXV,2026-05-25_02-04-36,/home/user/results_local/finetuning_results_PASTIS_v2/PASTIS_joint_T30UXV/LIANet_valFolds4_lr0.0001_batchsize16/2026-05-25_02-04-36/last.pt,0.16955991089344025,0.509711742401123,0.1139650046825409,0.509711742401123,0.0741918534040451,0.34202224016189575,0.1573980152606964,0.509711742401123,0.16955991089344025,0.509711742401123
PASTIS_joint_T31TFJ,4,PASTIS_joint_T30UXV,2026-05-25_02-51-33,/home/user/results_local/finetuning_results_PASTIS_v2/PASTIS_joint_T30UXV/LIANet_valFolds4_lr0.0001_batchsize16/2026-05-25_02-51-33/last.pt,0.18072733283042908,0.47887861728668213,0.1102999597787857,0.47887861728668213,0.07071582973003387,0.31481948494911194,0.13110217452049255,0.47887861728668213,0.18072733283042908,0.47887861728668213
PASTIS_joint_T31TFJ,4,PASTIS_joint_T30UXV,2026-05-25_03-38-35,/home/user/results_local/finetuning_results_PASTIS_v2/PASTIS_joint_T30UXV/LIANet_valFolds4_lr0.0001_batchsize16/2026-05-25_03-38-35/last.pt,0.15856324136257172,0.5002163648605347,0.1010957583785057,0.5002163648605347,0.06645647436380386,0.333525687456131,0.13789023458957672,0.5002163648605347,0.15856324136257172,0.5002163648605347
PASTIS_joint_T31TFJ,4,PASTIS_joint_T30UXV,2026-05-25_04-25-39,/home/user/results_local/finetuning_results_PASTIS_v2/PASTIS_joint_T30UXV/LIANet_valFolds4_lr0.0001_batchsize16/2026-05-25_04-25-39/last.pt,0.17175935208797455,0.5267516374588013,0.10418812930583954,0.5267516374588013,0.0690765380859375,0.35754430294036865,0.13538441061973572,0.5267516374588013,0.17175935208797455,0.5267516374588013
PASTIS_joint_T31TFJ,5,PASTIS_joint_T31TFM,2026-05-25_13-55-27,/home/user/results_local/finetuning_results_PASTIS_v2/PASTIS_joint_T31TFM/LIANet_valFolds5_lr0.0001_batchsize16/2026-05-25_13-55-27/last.pt,0.21526136994361877,0.5796138644218445,0.16203910112380981,0.5796138644218445,0.10457299649715424,0.40806785225868225,0.190879225730896,0.5796138644218445,0.21526136994361877,0.5796138644218445
PASTIS_joint_T31TFJ,5,PASTIS_joint_T31TFM,2026-05-25_15-10-07,/home/user/results_local/finetuning_results_PASTIS_v2/PASTIS_joint_T31TFM/LIANet_valFolds5_lr0.0001_batchsize16/2026-05-25_15-10-07/last.pt,0.20167814195156097,0.5515058040618896,0.15177792310714722,0.5515058040618896,0.09718304872512817,0.3807442784309387,0.18461206555366516,0.5515058040618896,0.20167814195156097,0.5515058040618896
PASTIS_joint_T31TFJ,5,PASTIS_joint_T31TFM,2026-05-25_16-24-56,/home/user/results_local/finetuning_results_PASTIS_v2/PASTIS_joint_T31TFM/LIANet_valFolds5_lr0.0001_batchsize16/2026-05-25_16-24-56/last.pt,0.21934419870376587,0.5526888966560364,0.1556873768568039,0.5526888966560364,0.100265271961689,0.38187292218208313,0.18506234884262085,0.5526888966560364,0.21934419870376587,0.5526888966560364
PASTIS_joint_T31TFJ,5,PASTIS_joint_T31TFM,2026-05-25_17-39-17,/home/user/results_local/finetuning_results_PASTIS_v2/PASTIS_joint_T31TFM/LIANet_valFolds5_lr0.0001_batchsize16/2026-05-25_17-39-17/last.pt,0.20964747667312622,0.5534335374832153,0.15253379940986633,0.5534335374832153,0.09765030443668365,0.38258424401283264,0.178318589925766,0.5534335374832153,0.20964747667312622,0.5534335374832153
PASTIS_joint_T31TFJ,5,PASTIS_joint_T31TFM,2026-05-25_18-53-38,/home/user/results_local/finetuning_results_PASTIS_v2/PASTIS_joint_T31TFM/LIANet_valFolds5_lr0.0001_batchsize16/2026-05-25_18-53-38/last.pt,0.20799630880355835,0.5339583158493042,0.15154272317886353,0.5339583158493042,0.09639250487089157,0.3642176687717438,0.1912853717803955,0.5339583158493042,0.20799630880355835,0.5339583158493042
PASTIS_joint_T31TFJ,5,PASTIS_joint_T32ULU,2026-05-25_09-28-48,/home/user/results_local/finetuning_results_PASTIS_v2/PASTIS_joint_T32ULU/LIANet_valFolds5_lr0.0001_batchsize16/2026-05-25_09-28-48/last.pt,0.21246588230133057,0.5569474697113037,0.16284853219985962,0.5569474697113037,0.10354457795619965,0.3859509527683258,0.1791427731513977,0.5569474697113037,0.21246588230133057,0.5569474697113037
PASTIS_joint_T31TFJ,5,PASTIS_joint_T32ULU,2026-05-25_10-31-40,/home/user/results_local/finetuning_results_PASTIS_v2/PASTIS_joint_T32ULU/LIANet_valFolds5_lr0.0001_batchsize16/2026-05-25_10-31-40/last.pt,0.21237151324748993,0.5353213548660278,0.1617135852575302,0.5353213548660278,0.10129937529563904,0.365487277507782,0.17351394891738892,0.5353213548660278,0.21237151324748993,0.5353213548660278
PASTIS_joint_T31TFJ,5,PASTIS_joint_T32ULU,2026-05-25_11-34-33,/home/user/results_local/finetuning_results_PASTIS_v2/PASTIS_joint_T32ULU/LIANet_valFolds5_lr0.0001_batchsize16/2026-05-25_11-34-33/last.pt,0.20708000659942627,0.5248300433158875,0.15554651618003845,0.5248300433158875,0.0983547568321228,0.35577598214149475,0.16847768425941467,0.5248300433158875,0.20708000659942627,0.5248300433158875
PASTIS_joint_T31TFJ,5,PASTIS_joint_T32ULU,2026-05-25_12-37-15,/home/user/results_local/finetuning_results_PASTIS_v2/PASTIS_joint_T32ULU/LIANet_valFolds5_lr0.0001_batchsize16/2026-05-25_12-37-15/last.pt,0.20780813694000244,0.5246766209602356,0.15840616822242737,0.5246766209602356,0.10002127289772034,0.35563501715660095,0.1711905300617218,0.5246766209602356,0.20780813694000244,0.5246766209602356
PASTIS_joint_T31TFJ,5,PASTIS_joint_T32ULU,2026-05-25_13-40-02,/home/user/results_local/finetuning_results_PASTIS_v2/PASTIS_joint_T32ULU/LIANet_valFolds5_lr0.0001_batchsize16/2026-05-25_13-40-02/last.pt,0.1996225118637085,0.5391425490379333,0.1574861854314804,0.5391425490379333,0.10026650875806808,0.3690589964389801,0.16961148381233215,0.5391425490379333,0.1996225118637085,0.5391425490379333
PASTIS_joint_T31TFJ,5,PASTIS_joint_T30UXV,2026-05-25_05-12-29,/home/user/results_local/finetuning_results_PASTIS_v2/PASTIS_joint_T30UXV/LIANet_valFolds5_lr0.0001_batchsize16/2026-05-25_05-12-29/last.pt,0.15102633833885193,0.4681842029094696,0.09785903245210648,0.4681842029094696,0.06322106719017029,0.3056400716304779,0.13813796639442444,0.4681842029094696,0.15102633833885193,0.4681842029094696
PASTIS_joint_T31TFJ,5,PASTIS_joint_T30UXV,2026-05-25_05-58-27,/home/user/results_local/finetuning_results_PASTIS_v2/PASTIS_joint_T30UXV/LIANet_valFolds5_lr0.0001_batchsize16/2026-05-25_05-58-27/last.pt,0.1537470519542694,0.5073772072792053,0.1015012264251709,0.5073772072792053,0.06670577079057693,0.33992326259613037,0.1631660908460617,0.5073772072792053,0.1537470519542694,0.5073772072792053
PASTIS_joint_T31TFJ,5,PASTIS_joint_T30UXV,2026-05-25_06-45-15,/home/user/results_local/finetuning_results_PASTIS_v2/PASTIS_joint_T30UXV/LIANet_valFolds5_lr0.0001_batchsize16/2026-05-25_06-45-15/last.pt,0.15397045016288757,0.49383828043937683,0.09715700149536133,0.49383828043937683,0.06406261026859283,0.3278786540031433,0.1254429668188095,0.49383828043937683,0.15397045016288757,0.49383828043937683
PASTIS_joint_T31TFJ,5,PASTIS_joint_T30UXV,2026-05-25_07-31-56,/home/user/results_local/finetuning_results_PASTIS_v2/PASTIS_joint_T30UXV/LIANet_valFolds5_lr0.0001_batchsize16/2026-05-25_07-31-56/last.pt,0.15945406258106232,0.5052357316017151,0.10163531452417374,0.5052357316017151,0.06637342274188995,0.33800357580184937,0.14923426508903503,0.5052357316017151,0.15945406258106232,0.5052357316017151
PASTIS_joint_T31TFJ,5,PASTIS_joint_T30UXV,2026-05-25_08-18-07,/home/user/results_local/finetuning_results_PASTIS_v2/PASTIS_joint_T30UXV/LIANet_valFolds5_lr0.0001_batchsize16/2026-05-25_08-18-07/last.pt,0.15987545251846313,0.4719584584236145,0.09724310785531998,0.4719584584236145,0.0632273256778717,0.3088649809360504,0.11420615017414093,0.4719584584236145,0.15987545251846313,0.4719584584236145
PASTIS_joint_T32ULU,1,PASTIS_joint_T31TFM,2026-05-24_13-21-12,/home/user/results_local/finetuning_results_PASTIS_v2/PASTIS_joint_T31TFM/LIANet_valFolds1_lr0.0001_batchsize16/2026-05-24_13-21-12/last.pt,0.414664626121521,0.6722410917282104,0.31868231296539307,0.6722410917282104,0.22867409884929657,0.5062975883483887,0.2975093424320221,0.6722410917282104,0.414664626121521,0.6722410917282104
PASTIS_joint_T32ULU,1,PASTIS_joint_T31TFM,2026-05-24_14-34-09,/home/user/results_local/finetuning_results_PASTIS_v2/PASTIS_joint_T31TFM/LIANet_valFolds1_lr0.0001_batchsize16/2026-05-24_14-34-09/last.pt,0.4204762876033783,0.6783472895622253,0.3235976994037628,0.6783472299575806,0.2352486252784729,0.513256847858429,0.3004555106163025,0.6783472895622253,0.4204762876033783,0.6783472895622253
PASTIS_joint_T32ULU,1,PASTIS_joint_T31TFM,2026-05-24_15-47-10,/home/user/results_local/finetuning_results_PASTIS_v2/PASTIS_joint_T31TFM/LIANet_valFolds1_lr0.0001_batchsize16/2026-05-24_15-47-10/last.pt,0.41856783628463745,0.6534055471420288,0.3160422444343567,0.6534055471420288,0.22670906782150269,0.48522818088531494,0.297262579202652,0.6534055471420288,0.41856783628463745,0.6534055471420288
PASTIS_joint_T32ULU,1,PASTIS_joint_T31TFM,2026-05-24_16-59-54,/home/user/results_local/finetuning_results_PASTIS_v2/PASTIS_joint_T31TFM/LIANet_valFolds1_lr0.0001_batchsize16/2026-05-24_16-59-54/last.pt,0.4177130460739136,0.6582044363021851,0.3196932077407837,0.6582043766975403,0.23029465973377228,0.4905400276184082,0.3001403212547302,0.6582044363021851,0.4177130460739136,0.6582044363021851
PASTIS_joint_T32ULU,1,PASTIS_joint_T31TFM,2026-05-24_18-12-51,/home/user/results_local/finetuning_results_PASTIS_v2/PASTIS_joint_T31TFM/LIANet_valFolds1_lr0.0001_batchsize16/2026-05-24_18-12-51/last.pt,0.42782899737358093,0.6524989604949951,0.3158239722251892,0.6524990200996399,0.22559380531311035,0.4842289388179779,0.29759374260902405,0.6524989604949951,0.42782899737358093,0.6524989604949951
PASTIS_joint_T32ULU,1,PASTIS_joint_T31TFJ,2026-05-24_13-21-09,/home/user/results_local/finetuning_results_PASTIS_v2/PASTIS_joint_T31TFJ/LIANet_valFolds1_lr0.0001_batchsize16/2026-05-24_13-21-09/last.pt,0.22985807061195374,0.3915221691131592,0.17327387630939484,0.3915221691131592,0.10962632298469543,0.243411585688591,0.22801049053668976,0.3915221691131592,0.22985807061195374,0.3915221691131592
PASTIS_joint_T32ULU,1,PASTIS_joint_T31TFJ,2026-05-24_14-57-23,/home/user/results_local/finetuning_results_PASTIS_v2/PASTIS_joint_T31TFJ/LIANet_valFolds1_lr0.0001_batchsize16/2026-05-24_14-57-23/last.pt,0.23515811562538147,0.3887530267238617,0.1745685338973999,0.3887530267238617,0.10971654951572418,0.2412746250629425,0.2260756939649582,0.3887530267238617,0.23515811562538147,0.3887530267238617
PASTIS_joint_T32ULU,1,PASTIS_joint_T31TFJ,2026-05-24_16-33-26,/home/user/results_local/finetuning_results_PASTIS_v2/PASTIS_joint_T31TFJ/LIANet_valFolds1_lr0.0001_batchsize16/2026-05-24_16-33-26/last.pt,0.22920973598957062,0.38567283749580383,0.16216333210468292,0.38567283749580383,0.1030934602022171,0.23890623450279236,0.20750604569911957,0.38567283749580383,0.22920973598957062,0.38567283749580383
PASTIS_joint_T32ULU,1,PASTIS_joint_T31TFJ,2026-05-24_18-08-53,/home/user/results_local/finetuning_results_PASTIS_v2/PASTIS_joint_T31TFJ/LIANet_valFolds1_lr0.0001_batchsize16/2026-05-24_18-08-53/last.pt,0.24095389246940613,0.42036619782447815,0.1808146834373474,0.42036616802215576,0.11571219563484192,0.2661162316799164,0.2356536090373993,0.42036619782447815,0.24095389246940613,0.42036619782447815
PASTIS_joint_T32ULU,1,PASTIS_joint_T31TFJ,2026-05-24_19-44-48,/home/user/results_local/finetuning_results_PASTIS_v2/PASTIS_joint_T31TFJ/LIANet_valFolds1_lr0.0001_batchsize16/2026-05-24_19-44-48/last.pt,0.23137223720550537,0.40189358592033386,0.16425691545009613,0.40189358592033386,0.10439009964466095,0.2514811158180237,0.2202254980802536,0.40189358592033386,0.23137223720550537,0.40189358592033386
PASTIS_joint_T32ULU,1,PASTIS_joint_T30UXV,2026-05-24_13-21-19,/home/user/results_local/finetuning_results_PASTIS_v2/PASTIS_joint_T30UXV/LIANet_valFolds1_lr0.0001_batchsize16/2026-05-24_13-21-19/last.pt,0.3665141463279724,0.6040785908699036,0.26724258065223694,0.6040786504745483,0.18551203608512878,0.43274542689323425,0.27281472086906433,0.6040785908699036,0.3665141463279724,0.6040785908699036
PASTIS_joint_T32ULU,1,PASTIS_joint_T30UXV,2026-05-24_14-08-30,/home/user/results_local/finetuning_results_PASTIS_v2/PASTIS_joint_T30UXV/LIANet_valFolds1_lr0.0001_batchsize16/2026-05-24_14-08-30/last.pt,0.33225807547569275,0.5718830823898315,0.25135183334350586,0.5718830823898315,0.17686061561107635,0.4004455506801605,0.27194124460220337,0.5718830823898315,0.33225807547569275,0.5718830823898315
PASTIS_joint_T32ULU,1,PASTIS_joint_T30UXV,2026-05-24_14-55-23,/home/user/results_local/finetuning_results_PASTIS_v2/PASTIS_joint_T30UXV/LIANet_valFolds1_lr0.0001_batchsize16/2026-05-24_14-55-23/last.pt,0.33438974618911743,0.5948681235313416,0.2602130174636841,0.5948681235313416,0.18247967958450317,0.42335397005081177,0.2965642213821411,0.5948681235313416,0.33438974618911743,0.5948681235313416
PASTIS_joint_T32ULU,1,PASTIS_joint_T30UXV,2026-05-24_15-42-33,/home/user/results_local/finetuning_results_PASTIS_v2/PASTIS_joint_T30UXV/LIANet_valFolds1_lr0.0001_batchsize16/2026-05-24_15-42-33/last.pt,0.3548026978969574,0.6074987053871155,0.2696382999420166,0.6074987053871155,0.1907324343919754,0.43626439571380615,0.2906372547149658,0.6074987053871155,0.3548026978969574,0.6074987053871155
PASTIS_joint_T32ULU,1,PASTIS_joint_T30UXV,2026-05-24_16-29-39,/home/user/results_local/finetuning_results_PASTIS_v2/PASTIS_joint_T30UXV/LIANet_valFolds1_lr0.0001_batchsize16/2026-05-24_16-29-39/last.pt,0.3539194166660309,0.6022175550460815,0.26438459753990173,0.6022176146507263,0.18539322912693024,0.4308379292488098,0.30964457988739014,0.6022175550460815,0.3539194166660309,0.6022175550460815
PASTIS_joint_T32ULU,2,PASTIS_joint_T31TFM,2026-05-24_19-25-56,/home/user/results_local/finetuning_results_PASTIS_v2/PASTIS_joint_T31TFM/LIANet_valFolds2_lr0.0001_batchsize16/2026-05-24_19-25-56/last.pt,0.42000487446784973,0.6432739496231079,0.3123314082622528,0.6432739496231079,0.22067010402679443,0.47413694858551025,0.2957152724266052,0.6432739496231079,0.42000487446784973,0.6432739496231079
PASTIS_joint_T32ULU,2,PASTIS_joint_T31TFM,2026-05-24_20-39-51,/home/user/results_local/finetuning_results_PASTIS_v2/PASTIS_joint_T31TFM/LIANet_valFolds2_lr0.0001_batchsize16/2026-05-24_20-39-51/last.pt,0.4236239790916443,0.6323509216308594,0.30750495195388794,0.6323509216308594,0.21621187031269073,0.46236342191696167,0.29517871141433716,0.6323509216308594,0.4236239790916443,0.6323509216308594
PASTIS_joint_T32ULU,2,PASTIS_joint_T31TFM,2026-05-24_21-53-24,/home/user/results_local/finetuning_results_PASTIS_v2/PASTIS_joint_T31TFM/LIANet_valFolds2_lr0.0001_batchsize16/2026-05-24_21-53-24/last.pt,0.4180922508239746,0.6437597274780273,0.31258440017700195,0.6437597274780273,0.2191331684589386,0.4746650159358978,0.2955589294433594,0.6437597274780273,0.4180922508239746,0.6437597274780273
PASTIS_joint_T32ULU,2,PASTIS_joint_T31TFM,2026-05-24_23-06-41,/home/user/results_local/finetuning_results_PASTIS_v2/PASTIS_joint_T31TFM/LIANet_valFolds2_lr0.0001_batchsize16/2026-05-24_23-06-41/last.pt,0.4260624349117279,0.6414569616317749,0.3124932646751404,0.6414569616317749,0.2199973464012146,0.47216543555259705,0.2958224415779114,0.6414569616317749,0.4260624349117279,0.6414569616317749
PASTIS_joint_T32ULU,2,PASTIS_joint_T31TFM,2026-05-25_00-20-02,/home/user/results_local/finetuning_results_PASTIS_v2/PASTIS_joint_T31TFM/LIANet_valFolds2_lr0.0001_batchsize16/2026-05-25_00-20-02/last.pt,0.4243093430995941,0.6509270071983337,0.32054734230041504,0.6509270071983337,0.2283068299293518,0.48249945044517517,0.30323541164398193,0.6509270071983337,0.4243093430995941,0.6509270071983337
PASTIS_joint_T32ULU,2,PASTIS_joint_T31TFJ,2026-05-24_21-21-14,/home/user/results_local/finetuning_results_PASTIS_v2/PASTIS_joint_T31TFJ/LIANet_valFolds2_lr0.0001_batchsize16/2026-05-24_21-21-14/last.pt,0.24798434972763062,0.462898313999176,0.18430325388908386,0.462898313999176,0.12239059060811996,0.3011501133441925,0.21923579275608063,0.462898313999176,0.24798434972763062,0.462898313999176
PASTIS_joint_T32ULU,2,PASTIS_joint_T31TFJ,2026-05-24_22-57-44,/home/user/results_local/finetuning_results_PASTIS_v2/PASTIS_joint_T31TFJ/LIANet_valFolds2_lr0.0001_batchsize16/2026-05-24_22-57-44/last.pt,0.2301173359155655,0.4201281666755676,0.1658734381198883,0.42012819647789,0.10722998529672623,0.26592546701431274,0.2064792811870575,0.4201281666755676,0.2301173359155655,0.4201281666755676
PASTIS_joint_T32ULU,2,PASTIS_joint_T31TFJ,2026-05-25_00-33-59,/home/user/results_local/finetuning_results_PASTIS_v2/PASTIS_joint_T31TFJ/LIANet_valFolds2_lr0.0001_batchsize16/2026-05-25_00-33-59/last.pt,0.23681896924972534,0.4287024736404419,0.16664648056030273,0.42870253324508667,0.10808627307415009,0.2728334367275238,0.1999271959066391,0.4287024736404419,0.23681896924972534,0.4287024736404419
PASTIS_joint_T32ULU,2,PASTIS_joint_T31TFJ,2026-05-25_02-10-18,/home/user/results_local/finetuning_results_PASTIS_v2/PASTIS_joint_T31TFJ/LIANet_valFolds2_lr0.0001_batchsize16/2026-05-25_02-10-18/last.pt,0.24857069551944733,0.42076432704925537,0.17878544330596924,0.42076432704925537,0.11626715958118439,0.266435444355011,0.21369719505310059,0.42076432704925537,0.24857069551944733,0.42076432704925537
PASTIS_joint_T32ULU,2,PASTIS_joint_T31TFJ,2026-05-25_03-46-33,/home/user/results_local/finetuning_results_PASTIS_v2/PASTIS_joint_T31TFJ/LIANet_valFolds2_lr0.0001_batchsize16/2026-05-25_03-46-33/last.pt,0.23833580315113068,0.3947978913784027,0.1687769591808319,0.3947979509830475,0.10877202451229095,0.24594902992248535,0.21068795025348663,0.3947978913784027,0.23833580315113068,0.3947978913784027
PASTIS_joint_T32ULU,2,PASTIS_joint_T30UXV,2026-05-24_17-16-54,/home/user/results_local/finetuning_results_PASTIS_v2/PASTIS_joint_T30UXV/LIANet_valFolds2_lr0.0001_batchsize16/2026-05-24_17-16-54/last.pt,0.3297838568687439,0.5974440574645996,0.26213738322257996,0.5974440574645996,0.18368808925151825,0.42596811056137085,0.2660006284713745,0.5974440574645996,0.3297838568687439,0.5974440574645996
PASTIS_joint_T32ULU,2,PASTIS_joint_T30UXV,2026-05-24_18-04-47,/home/user/results_local/finetuning_results_PASTIS_v2/PASTIS_joint_T30UXV/LIANet_valFolds2_lr0.0001_batchsize16/2026-05-24_18-04-47/last.pt,0.3183901309967041,0.5864190459251404,0.26140472292900085,0.5864190459251404,0.18431614339351654,0.4148464500904083,0.2715519070625305,0.5864190459251404,0.3183901309967041,0.5864190459251404
PASTIS_joint_T32ULU,2,PASTIS_joint_T30UXV,2026-05-24_18-53-05,/home/user/results_local/finetuning_results_PASTIS_v2/PASTIS_joint_T30UXV/LIANet_valFolds2_lr0.0001_batchsize16/2026-05-24_18-53-05/last.pt,0.33905431628227234,0.600699245929718,0.2668618857860565,0.600699245929718,0.1864117532968521,0.42928528785705566,0.2670639157295227,0.600699245929718,0.33905431628227234,0.600699245929718
PASTIS_joint_T32ULU,2,PASTIS_joint_T30UXV,2026-05-24_19-41-16,/home/user/results_local/finetuning_results_PASTIS_v2/PASTIS_joint_T30UXV/LIANet_valFolds2_lr0.0001_batchsize16/2026-05-24_19-41-16/last.pt,0.3395073115825653,0.5972344279289246,0.27075088024139404,0.5972344279289246,0.18955537676811218,0.42575499415397644,0.28127521276474,0.5972344279289246,0.3395073115825653,0.5972344279289246
PASTIS_joint_T32ULU,2,PASTIS_joint_T30UXV,2026-05-24_20-29-30,/home/user/results_local/finetuning_results_PASTIS_v2/PASTIS_joint_T30UXV/LIANet_valFolds2_lr0.0001_batchsize16/2026-05-24_20-29-30/last.pt,0.3317236602306366,0.588917076587677,0.2609407603740692,0.588917076587677,0.18264295160770416,0.4173511862754822,0.26955217123031616,0.588917076587677,0.3317236602306366,0.588917076587677
PASTIS_joint_T32ULU,3,PASTIS_joint_T31TFM,2026-05-25_01-34-05,/home/user/results_local/finetuning_results_PASTIS_v2/PASTIS_joint_T31TFM/LIANet_valFolds3_lr0.0001_batchsize16/2026-05-25_01-34-05/last.pt,0.4144662618637085,0.6658797264099121,0.3160500228404999,0.6658797264099121,0.22369897365570068,0.49911513924598694,0.2940792143344879,0.6658797264099121,0.4144662618637085,0.6658797264099121
PASTIS_joint_T32ULU,3,PASTIS_joint_T31TFM,2026-05-25_02-46-46,/home/user/results_local/finetuning_results_PASTIS_v2/PASTIS_joint_T31TFM/LIANet_valFolds3_lr0.0001_batchsize16/2026-05-25_02-46-46/last.pt,0.41736072301864624,0.6563145518302917,0.3124598264694214,0.6563145518302917,0.22003930807113647,0.48844367265701294,0.2907771170139313,0.6563145518302917,0.41736072301864624,0.6563145518302917
PASTIS_joint_T32ULU,3,PASTIS_joint_T31TFM,2026-05-25_03-59-38,/home/user/results_local/finetuning_results_PASTIS_v2/PASTIS_joint_T31TFM/LIANet_valFolds3_lr0.0001_batchsize16/2026-05-25_03-59-38/last.pt,0.41786354780197144,0.6687314510345459,0.3185421824455261,0.6687314510345459,0.2242838591337204,0.502326488494873,0.29590699076652527,0.6687314510345459,0.41786354780197144,0.6687314510345459
PASTIS_joint_T32ULU,3,PASTIS_joint_T31TFM,2026-05-25_05-12-35,/home/user/results_local/finetuning_results_PASTIS_v2/PASTIS_joint_T31TFM/LIANet_valFolds3_lr0.0001_batchsize16/2026-05-25_05-12-35/last.pt,0.42390164732933044,0.6611862182617188,0.317001074552536,0.6611862182617188,0.2230350375175476,0.49385982751846313,0.2928604185581207,0.6611862182617188,0.42390164732933044,0.6611862182617188
PASTIS_joint_T32ULU,3,PASTIS_joint_T31TFM,2026-05-25_06-25-22,/home/user/results_local/finetuning_results_PASTIS_v2/PASTIS_joint_T31TFM/LIANet_valFolds3_lr0.0001_batchsize16/2026-05-25_06-25-22/last.pt,0.40688806772232056,0.6526203155517578,0.30769601464271545,0.6526203155517578,0.21672935783863068,0.4843626618385315,0.2899860143661499,0.6526203155517578,0.40688806772232056,0.6526203155517578
PASTIS_joint_T32ULU,3,PASTIS_joint_T31TFJ,2026-05-25_05-22-52,/home/user/results_local/finetuning_results_PASTIS_v2/PASTIS_joint_T31TFJ/LIANet_valFolds3_lr0.0001_batchsize16/2026-05-25_05-22-52/last.pt,0.22811824083328247,0.44337764382362366,0.16858650743961334,0.44337764382362366,0.10817641764879227,0.2848331332206726,0.21949341893196106,0.44337764382362366,0.22811824083328247,0.44337764382362366
PASTIS_joint_T32ULU,3,PASTIS_joint_T31TFJ,2026-05-25_07-01-40,/home/user/results_local/finetuning_results_PASTIS_v2/PASTIS_joint_T31TFJ/LIANet_valFolds3_lr0.0001_batchsize16/2026-05-25_07-01-40/last.pt,0.2274736911058426,0.3953169882297516,0.14976920187473297,0.3953169882297516,0.09343421459197998,0.24635206162929535,0.21576963365077972,0.3953169882297516,0.2274736911058426,0.3953169882297516
PASTIS_joint_T32ULU,3,PASTIS_joint_T31TFJ,2026-05-25_08-41-26,/home/user/results_local/finetuning_results_PASTIS_v2/PASTIS_joint_T31TFJ/LIANet_valFolds3_lr0.0001_batchsize16/2026-05-25_08-41-26/last.pt,0.24004100263118744,0.378425657749176,0.15323300659656525,0.378425657749176,0.09479357302188873,0.23336929082870483,0.20440863072872162,0.378425657749176,0.24004100263118744,0.378425657749176
PASTIS_joint_T32ULU,3,PASTIS_joint_T31TFJ,2026-05-25_10-21-07,/home/user/results_local/finetuning_results_PASTIS_v2/PASTIS_joint_T31TFJ/LIANet_valFolds3_lr0.0001_batchsize16/2026-05-25_10-21-07/last.pt,0.24837014079093933,0.4251781702041626,0.15816864371299744,0.4251781702041626,0.10216233879327774,0.2699849605560303,0.19855371117591858,0.4251781702041626,0.24837014079093933,0.4251781702041626
PASTIS_joint_T32ULU,3,PASTIS_joint_T31TFJ,2026-05-25_12-00-44,/home/user/results_local/finetuning_results_PASTIS_v2/PASTIS_joint_T31TFJ/LIANet_valFolds3_lr0.0001_batchsize16/2026-05-25_12-00-44/last.pt,0.2257254719734192,0.437034547328949,0.16566216945648193,0.4370345175266266,0.10613802075386047,0.2796188294887543,0.21453708410263062,0.437034547328949,0.2257254719734192,0.437034547328949
PASTIS_joint_T32ULU,3,PASTIS_joint_T30UXV,2026-05-24_21-17-48,/home/user/results_local/finetuning_results_PASTIS_v2/PASTIS_joint_T30UXV/LIANet_valFolds3_lr0.0001_batchsize16/2026-05-24_21-17-48/last.pt,0.34509146213531494,0.6020615100860596,0.2504650354385376,0.6020615100860596,0.17395803332328796,0.4306780993938446,0.2579798996448517,0.6020615100860596,0.34509146213531494,0.6020615100860596
PASTIS_joint_T32ULU,3,PASTIS_joint_T30UXV,2026-05-24_22-05-57,/home/user/results_local/finetuning_results_PASTIS_v2/PASTIS_joint_T30UXV/LIANet_valFolds3_lr0.0001_batchsize16/2026-05-24_22-05-57/last.pt,0.3338496685028076,0.6056675314903259,0.24886812269687653,0.6056675314903259,0.17427462339401245,0.43437811732292175,0.2546376585960388,0.6056675314903259,0.3338496685028076,0.6056675314903259
PASTIS_joint_T32ULU,3,PASTIS_joint_T30UXV,2026-05-24_22-53-54,/home/user/results_local/finetuning_results_PASTIS_v2/PASTIS_joint_T30UXV/LIANet_valFolds3_lr0.0001_batchsize16/2026-05-24_22-53-54/last.pt,0.33716192841529846,0.6025390028953552,0.25254198908805847,0.6025390028953552,0.17414036393165588,0.43116697669029236,0.26326197385787964,0.6025390028953552,0.33716192841529846,0.6025390028953552
PASTIS_joint_T32ULU,3,PASTIS_joint_T30UXV,2026-05-24_23-41-56,/home/user/results_local/finetuning_results_PASTIS_v2/PASTIS_joint_T30UXV/LIANet_valFolds3_lr0.0001_batchsize16/2026-05-24_23-41-56/last.pt,0.3408305048942566,0.589812159538269,0.24723605811595917,0.589812159538269,0.17120830714702606,0.41825079917907715,0.25234872102737427,0.589812159538269,0.3408305048942566,0.589812159538269
PASTIS_joint_T32ULU,3,PASTIS_joint_T30UXV,2026-05-25_00-29-50,/home/user/results_local/finetuning_results_PASTIS_v2/PASTIS_joint_T30UXV/LIANet_valFolds3_lr0.0001_batchsize16/2026-05-25_00-29-50/last.pt,0.3350154161453247,0.6078447103500366,0.24790874123573303,0.6078447103500366,0.17159007489681244,0.4366213381290436,0.24710926413536072,0.6078447103500366,0.3350154161453247,0.6078447103500366
PASTIS_joint_T32ULU,4,PASTIS_joint_T31TFM,2026-05-25_07-38-13,/home/user/results_local/finetuning_results_PASTIS_v2/PASTIS_joint_T31TFM/LIANet_valFolds4_lr0.0001_batchsize16/2026-05-25_07-38-13/last.pt,0.4383889436721802,0.6361055374145508,0.31659597158432007,0.6361055374145508,0.22097553312778473,0.46638908982276917,0.2969409227371216,0.6361055374145508,0.4383889436721802,0.6361055374145508
PASTIS_joint_T32ULU,4,PASTIS_joint_T31TFM,2026-05-25_08-53-35,/home/user/results_local/finetuning_results_PASTIS_v2/PASTIS_joint_T31TFM/LIANet_valFolds4_lr0.0001_batchsize16/2026-05-25_08-53-35/last.pt,0.41946038603782654,0.6354922652244568,0.3097614645957947,0.635492205619812,0.216532364487648,0.46573007106781006,0.29474297165870667,0.6354922652244568,0.41946038603782654,0.6354922652244568
PASTIS_joint_T32ULU,4,PASTIS_joint_T31TFM,2026-05-25_10-09-07,/home/user/results_local/finetuning_results_PASTIS_v2/PASTIS_joint_T31TFM/LIANet_valFolds4_lr0.0001_batchsize16/2026-05-25_10-09-07/last.pt,0.4424690008163452,0.6280707120895386,0.3159627318382263,0.6280707120895386,0.2192147672176361,0.4578010141849518,0.2993210554122925,0.6280707120895386,0.4424690008163452,0.6280707120895386
PASTIS_joint_T32ULU,4,PASTIS_joint_T31TFM,2026-05-25_11-24-46,/home/user/results_local/finetuning_results_PASTIS_v2/PASTIS_joint_T31TFM/LIANet_valFolds4_lr0.0001_batchsize16/2026-05-25_11-24-46/last.pt,0.435710072517395,0.6524664759635925,0.3143088221549988,0.6524664759635925,0.21989698708057404,0.48419317603111267,0.29574722051620483,0.6524664759635925,0.435710072517395,0.6524664759635925
PASTIS_joint_T32ULU,4,PASTIS_joint_T31TFM,2026-05-25_12-40-14,/home/user/results_local/finetuning_results_PASTIS_v2/PASTIS_joint_T31TFM/LIANet_valFolds4_lr0.0001_batchsize16/2026-05-25_12-40-14/last.pt,0.42948925495147705,0.6344583630561829,0.3098456561565399,0.6344583630561829,0.2162163406610489,0.46462035179138184,0.29541289806365967,0.6344583630561829,0.42948925495147705,0.6344583630561829
PASTIS_joint_T32ULU,4,PASTIS_joint_T31TFJ,2026-05-25_13-40-18,/home/user/results_local/finetuning_results_PASTIS_v2/PASTIS_joint_T31TFJ/LIANet_valFolds4_lr0.0001_batchsize16/2026-05-25_13-40-18/last.pt,0.25897473096847534,0.4651792347431183,0.1785128116607666,0.4651792049407959,0.116066113114357,0.30308374762535095,0.2091445028781891,0.4651792347431183,0.25897473096847534,0.4651792347431183
PASTIS_joint_T32ULU,4,PASTIS_joint_T31TFJ,2026-05-25_15-18-34,/home/user/results_local/finetuning_results_PASTIS_v2/PASTIS_joint_T31TFJ/LIANet_valFolds4_lr0.0001_batchsize16/2026-05-25_15-18-34/last.pt,0.2521298825740814,0.439010888338089,0.17193961143493652,0.439010888338089,0.11070652306079865,0.2812389135360718,0.22005103528499603,0.439010888338089,0.2521298825740814,0.439010888338089
PASTIS_joint_T32ULU,4,PASTIS_joint_T31TFJ,2026-05-25_16-56-26,/home/user/results_local/finetuning_results_PASTIS_v2/PASTIS_joint_T31TFJ/LIANet_valFolds4_lr0.0001_batchsize16/2026-05-25_16-56-26/last.pt,0.26511669158935547,0.4811699688434601,0.18746201694011688,0.4811699092388153,0.12254448235034943,0.3168030381202698,0.20801688730716705,0.4811699688434601,0.26511669158935547,0.4811699688434601
PASTIS_joint_T32ULU,4,PASTIS_joint_T31TFJ,2026-05-25_18-34-37,/home/user/results_local/finetuning_results_PASTIS_v2/PASTIS_joint_T31TFJ/LIANet_valFolds4_lr0.0001_batchsize16/2026-05-25_18-34-37/last.pt,0.2390868067741394,0.46128004789352417,0.17946863174438477,0.46128004789352417,0.11633007973432541,0.2997816801071167,0.2042531967163086,0.46128004789352417,0.2390868067741394,0.46128004789352417
PASTIS_joint_T32ULU,4,PASTIS_joint_T31TFJ,2026-05-25_20-12-46,/home/user/results_local/finetuning_results_PASTIS_v2/PASTIS_joint_T31TFJ/LIANet_valFolds4_lr0.0001_batchsize16/2026-05-25_20-12-46/last.pt,0.24133288860321045,0.3983566462993622,0.15135084092617035,0.3983566164970398,0.09540577232837677,0.24871745705604553,0.18735867738723755,0.3983566462993622,0.24133288860321045,0.3983566462993622
PASTIS_joint_T32ULU,4,PASTIS_joint_T30UXV,2026-05-25_01-17-42,/home/user/results_local/finetuning_results_PASTIS_v2/PASTIS_joint_T30UXV/LIANet_valFolds4_lr0.0001_batchsize16/2026-05-25_01-17-42/last.pt,0.3370821475982666,0.5939574241638184,0.2531944513320923,0.5939574241638184,0.17632147669792175,0.42243191599845886,0.2609789967536926,0.5939574241638184,0.3370821475982666,0.5939574241638184
PASTIS_joint_T32ULU,4,PASTIS_joint_T30UXV,2026-05-25_02-04-36,/home/user/results_local/finetuning_results_PASTIS_v2/PASTIS_joint_T30UXV/LIANet_valFolds4_lr0.0001_batchsize16/2026-05-25_02-04-36/last.pt,0.3361384868621826,0.5774693489074707,0.25432178378105164,0.5774693489074707,0.17787569761276245,0.4059450626373291,0.26683664321899414,0.5774693489074707,0.3361384868621826,0.5774693489074707
PASTIS_joint_T32ULU,4,PASTIS_joint_T30UXV,2026-05-25_02-51-33,/home/user/results_local/finetuning_results_PASTIS_v2/PASTIS_joint_T30UXV/LIANet_valFolds4_lr0.0001_batchsize16/2026-05-25_02-51-33/last.pt,0.3387753665447235,0.5837275981903076,0.2610682249069214,0.5837275981903076,0.18115678429603577,0.41215768456459045,0.2772156298160553,0.5837275981903076,0.3387753665447235,0.5837275981903076
PASTIS_joint_T32ULU,4,PASTIS_joint_T30UXV,2026-05-25_03-38-35,/home/user/results_local/finetuning_results_PASTIS_v2/PASTIS_joint_T30UXV/LIANet_valFolds4_lr0.0001_batchsize16/2026-05-25_03-38-35/last.pt,0.32471758127212524,0.593414306640625,0.24860405921936035,0.593414306640625,0.1723901629447937,0.4218828082084656,0.24950933456420898,0.593414306640625,0.32471758127212524,0.593414306640625
PASTIS_joint_T32ULU,4,PASTIS_joint_T30UXV,2026-05-25_04-25-39,/home/user/results_local/finetuning_results_PASTIS_v2/PASTIS_joint_T30UXV/LIANet_valFolds4_lr0.0001_batchsize16/2026-05-25_04-25-39/last.pt,0.3359608054161072,0.5944820642471313,0.2547920048236847,0.5944820642471313,0.17665782570838928,0.4229629933834076,0.2520943582057953,0.5944820642471313,0.3359608054161072,0.5944820642471313
PASTIS_joint_T32ULU,5,PASTIS_joint_T31TFM,2026-05-25_13-55-27,/home/user/results_local/finetuning_results_PASTIS_v2/PASTIS_joint_T31TFM/LIANet_valFolds5_lr0.0001_batchsize16/2026-05-25_13-55-27/last.pt,0.4372822642326355,0.6744271516799927,0.35024309158325195,0.6744270920753479,0.24607037007808685,0.5087816119194031,0.33948224782943726,0.6744271516799927,0.4372822642326355,0.6744271516799927
PASTIS_joint_T32ULU,5,PASTIS_joint_T31TFM,2026-05-25_15-10-07,/home/user/results_local/finetuning_results_PASTIS_v2/PASTIS_joint_T31TFM/LIANet_valFolds5_lr0.0001_batchsize16/2026-05-25_15-10-07/last.pt,0.43071576952934265,0.671847403049469,0.3427116870880127,0.671847403049469,0.2422955334186554,0.5058510899543762,0.31949475407600403,0.671847403049469,0.43071576952934265,0.671847403049469
PASTIS_joint_T32ULU,5,PASTIS_joint_T31TFM,2026-05-25_16-24-56,/home/user/results_local/finetuning_results_PASTIS_v2/PASTIS_joint_T31TFM/LIANet_valFolds5_lr0.0001_batchsize16/2026-05-25_16-24-56/last.pt,0.4438495934009552,0.6504649519920349,0.3425496220588684,0.6504648327827454,0.23938514292240143,0.48199185729026794,0.32159316539764404,0.6504649519920349,0.4438495934009552,0.6504649519920349
PASTIS_joint_T32ULU,5,PASTIS_joint_T31TFM,2026-05-25_17-39-17,/home/user/results_local/finetuning_results_PASTIS_v2/PASTIS_joint_T31TFM/LIANet_valFolds5_lr0.0001_batchsize16/2026-05-25_17-39-17/last.pt,0.4396466910839081,0.6764039993286133,0.35110747814178467,0.6764039993286133,0.24774739146232605,0.5110350847244263,0.333684504032135,0.6764039993286133,0.4396466910839081,0.6764039993286133
PASTIS_joint_T32ULU,5,PASTIS_joint_T31TFM,2026-05-25_18-53-38,/home/user/results_local/finetuning_results_PASTIS_v2/PASTIS_joint_T31TFM/LIANet_valFolds5_lr0.0001_batchsize16/2026-05-25_18-53-38/last.pt,0.42873677611351013,0.6641547679901123,0.33932095766067505,0.6641547679901123,0.23886574804782867,0.49717938899993896,0.3174135982990265,0.6641547679901123,0.42873677611351013,0.6641547679901123
PASTIS_joint_T32ULU,5,PASTIS_joint_T31TFJ,2026-05-25_21-49-18,/home/user/results_local/finetuning_results_PASTIS_v2/PASTIS_joint_T31TFJ/LIANet_valFolds5_lr0.0001_batchsize16/2026-05-25_21-49-18/last.pt,0.24059614539146423,0.41086626052856445,0.1669786125421524,0.41086626052856445,0.10475580394268036,0.258547306060791,0.22091040015220642,0.41086626052856445,0.24059614539146423,0.41086626052856445
PASTIS_joint_T32ULU,5,PASTIS_joint_T31TFJ,2026-05-25_23-23-19,/home/user/results_local/finetuning_results_PASTIS_v2/PASTIS_joint_T31TFJ/LIANet_valFolds5_lr0.0001_batchsize16/2026-05-25_23-23-19/last.pt,0.23532916605472565,0.4298432767391205,0.16512879729270935,0.4298432767391205,0.10496167093515396,0.2737581729888916,0.22354340553283691,0.4298432767391205,0.23532916605472565,0.4298432767391205
PASTIS_joint_T32ULU,5,PASTIS_joint_T31TFJ,2026-05-26_00-57-16,/home/user/results_local/finetuning_results_PASTIS_v2/PASTIS_joint_T31TFJ/LIANet_valFolds5_lr0.0001_batchsize16/2026-05-26_00-57-16/last.pt,0.24162748456001282,0.4468230903148651,0.18322022259235382,0.4468230903148651,0.11604136228561401,0.2876833379268646,0.21911446750164032,0.4468230903148651,0.24162748456001282,0.4468230903148651
PASTIS_joint_T32ULU,5,PASTIS_joint_T31TFJ,2026-05-26_02-31-31,/home/user/results_local/finetuning_results_PASTIS_v2/PASTIS_joint_T31TFJ/LIANet_valFolds5_lr0.0001_batchsize16/2026-05-26_02-31-31/last.pt,0.234047070145607,0.38940316438674927,0.16480500996112823,0.38940316438674927,0.1024453192949295,0.24177569150924683,0.20872709155082703,0.38940316438674927,0.234047070145607,0.38940316438674927
PASTIS_joint_T32ULU,5,PASTIS_joint_T31TFJ,2026-05-26_04-06-11,/home/user/results_local/finetuning_results_PASTIS_v2/PASTIS_joint_T31TFJ/LIANet_valFolds5_lr0.0001_batchsize16/2026-05-26_04-06-11/last.pt,0.22223961353302002,0.37336358428001404,0.15961937606334686,0.37336355447769165,0.0984608381986618,0.22953107953071594,0.2301943004131317,0.37336358428001404,0.22223961353302002,0.37336358428001404
PASTIS_joint_T32ULU,5,PASTIS_joint_T30UXV,2026-05-25_05-12-29,/home/user/results_local/finetuning_results_PASTIS_v2/PASTIS_joint_T30UXV/LIANet_valFolds5_lr0.0001_batchsize16/2026-05-25_05-12-29/last.pt,0.36632978916168213,0.6075327396392822,0.27029621601104736,0.6075327396392822,0.18704788386821747,0.4362994134426117,0.2934572696685791,0.6075327396392822,0.36632978916168213,0.6075327396392822
PASTIS_joint_T32ULU,5,PASTIS_joint_T30UXV,2026-05-25_05-58-27,/home/user/results_local/finetuning_results_PASTIS_v2/PASTIS_joint_T30UXV/LIANet_valFolds5_lr0.0001_batchsize16/2026-05-25_05-58-27/last.pt,0.3610265851020813,0.6141836047172546,0.27610310912132263,0.6141836047172546,0.19290639460086823,0.44319260120391846,0.28875380754470825,0.6141836047172546,0.3610265851020813,0.6141836047172546
PASTIS_joint_T32ULU,5,PASTIS_joint_T30UXV,2026-05-25_06-45-15,/home/user/results_local/finetuning_results_PASTIS_v2/PASTIS_joint_T30UXV/LIANet_valFolds5_lr0.0001_batchsize16/2026-05-25_06-45-15/last.pt,0.36226415634155273,0.6170862913131714,0.27932578325271606,0.6170862913131714,0.19450044631958008,0.4462217688560486,0.27707719802856445,0.6170862913131714,0.36226415634155273,0.6170862913131714
PASTIS_joint_T32ULU,5,PASTIS_joint_T30UXV,2026-05-25_07-31-56,/home/user/results_local/finetuning_results_PASTIS_v2/PASTIS_joint_T30UXV/LIANet_valFolds5_lr0.0001_batchsize16/2026-05-25_07-31-56/last.pt,0.35995444655418396,0.611984133720398,0.2727903127670288,0.611984133720398,0.18974009156227112,0.4409056603908539,0.26927193999290466,0.611984133720398,0.35995444655418396,0.611984133720398
PASTIS_joint_T32ULU,5,PASTIS_joint_T30UXV,2026-05-25_08-18-07,/home/user/results_local/finetuning_results_PASTIS_v2/PASTIS_joint_T30UXV/LIANet_valFolds5_lr0.0001_batchsize16/2026-05-25_08-18-07/last.pt,0.36184579133987427,0.6105318665504456,0.2738524377346039,0.6105318665504456,0.19163650274276733,0.4393996298313141,0.30089640617370605,0.6105318665504456,0.36184579133987427,0.6105318665504456
PASTIS_joint_T30UXV,1,PASTIS_joint_T31TFM,2026-05-24_13-21-12,/home/user/results_local/finetuning_results_PASTIS_v2/PASTIS_joint_T31TFM/LIANet_valFolds1_lr0.0001_batchsize16/2026-05-24_13-21-12/last.pt,0.31123238801956177,0.6239817142486572,0.2709288001060486,0.6239817142486572,0.19871339201927185,0.45346906781196594,0.2844509780406952,0.6239817142486572,0.31123238801956177,0.6239817142486572
PASTIS_joint_T30UXV,1,PASTIS_joint_T31TFM,2026-05-24_14-34-09,/home/user/results_local/finetuning_results_PASTIS_v2/PASTIS_joint_T31TFM/LIANet_valFolds1_lr0.0001_batchsize16/2026-05-24_14-34-09/last.pt,0.29706794023513794,0.6224374175071716,0.27109959721565247,0.6224374175071716,0.19884949922561646,0.4518396556377411,0.28074029088020325,0.6224374175071716,0.29706794023513794,0.6224374175071716
PASTIS_joint_T30UXV,1,PASTIS_joint_T31TFM,2026-05-24_15-47-10,/home/user/results_local/finetuning_results_PASTIS_v2/PASTIS_joint_T31TFM/LIANet_valFolds1_lr0.0001_batchsize16/2026-05-24_15-47-10/last.pt,0.2961888015270233,0.6213098764419556,0.2662694752216339,0.6213098764419556,0.19418029487133026,0.45065224170684814,0.27133122086524963,0.6213098764419556,0.2961888015270233,0.6213098764419556
PASTIS_joint_T30UXV,1,PASTIS_joint_T31TFM,2026-05-24_16-59-54,/home/user/results_local/finetuning_results_PASTIS_v2/PASTIS_joint_T31TFM/LIANet_valFolds1_lr0.0001_batchsize16/2026-05-24_16-59-54/last.pt,0.3014879524707794,0.599449872970581,0.26176655292510986,0.5994499325752258,0.18819253146648407,0.4280102550983429,0.27305710315704346,0.599449872970581,0.3014879524707794,0.599449872970581
PASTIS_joint_T30UXV,1,PASTIS_joint_T31TFM,2026-05-24_18-12-51,/home/user/results_local/finetuning_results_PASTIS_v2/PASTIS_joint_T31TFM/LIANet_valFolds1_lr0.0001_batchsize16/2026-05-24_18-12-51/last.pt,0.31168732047080994,0.6125805974006653,0.271110862493515,0.6125805974006653,0.1961275041103363,0.4415251314640045,0.2944547235965729,0.6125805974006653,0.31168732047080994,0.6125805974006653
PASTIS_joint_T30UXV,1,PASTIS_joint_T31TFJ,2026-05-24_13-21-09,/home/user/results_local/finetuning_results_PASTIS_v2/PASTIS_joint_T31TFJ/LIANet_valFolds1_lr0.0001_batchsize16/2026-05-24_13-21-09/last.pt,0.143525630235672,0.37094372510910034,0.13078930974006653,0.37094372510910034,0.08368448168039322,0.22770465910434723,0.17847496271133423,0.37094372510910034,0.143525630235672,0.37094372510910034
PASTIS_joint_T30UXV,1,PASTIS_joint_T31TFJ,2026-05-24_14-57-23,/home/user/results_local/finetuning_results_PASTIS_v2/PASTIS_joint_T31TFJ/LIANet_valFolds1_lr0.0001_batchsize16/2026-05-24_14-57-23/last.pt,0.14451931416988373,0.37774986028671265,0.13085632026195526,0.37774986028671265,0.08361303806304932,0.23285548388957977,0.1810215413570404,0.37774986028671265,0.14451931416988373,0.37774986028671265
PASTIS_joint_T30UXV,1,PASTIS_joint_T31TFJ,2026-05-24_16-33-26,/home/user/results_local/finetuning_results_PASTIS_v2/PASTIS_joint_T31TFJ/LIANet_valFolds1_lr0.0001_batchsize16/2026-05-24_16-33-26/last.pt,0.14549049735069275,0.3743642568588257,0.12670321762561798,0.3743642568588257,0.08121101558208466,0.23028790950775146,0.19656285643577576,0.3743642568588257,0.14549049735069275,0.3743642568588257
PASTIS_joint_T30UXV,1,PASTIS_joint_T31TFJ,2026-05-24_18-08-53,/home/user/results_local/finetuning_results_PASTIS_v2/PASTIS_joint_T31TFJ/LIANet_valFolds1_lr0.0001_batchsize16/2026-05-24_18-08-53/last.pt,0.13902898132801056,0.38307031989097595,0.1283436417579651,0.38307031989097595,0.0822867900133133,0.23691217601299286,0.1838846504688263,0.38307031989097595,0.13902898132801056,0.38307031989097595
PASTIS_joint_T30UXV,1,PASTIS_joint_T31TFJ,2026-05-24_19-44-48,/home/user/results_local/finetuning_results_PASTIS_v2/PASTIS_joint_T31TFJ/LIANet_valFolds1_lr0.0001_batchsize16/2026-05-24_19-44-48/last.pt,0.13749147951602936,0.40198248624801636,0.13197055459022522,0.40198248624801636,0.08605527132749557,0.25155073404312134,0.17968526482582092,0.40198248624801636,0.13749147951602936,0.40198248624801636
PASTIS_joint_T30UXV,1,PASTIS_joint_T32ULU,2026-05-24_13-21-15,/home/user/results_local/finetuning_results_PASTIS_v2/PASTIS_joint_T32ULU/LIANet_valFolds1_lr0.0001_batchsize16/2026-05-24_13-21-15/last.pt,0.31981146335601807,0.6573147773742676,0.3126992881298065,0.6573147773742676,0.22704200446605682,0.48955237865448,0.33073124289512634,0.6573147773742676,0.31981146335601807,0.6573147773742676
PASTIS_joint_T30UXV,1,PASTIS_joint_T32ULU,2026-05-24_14-22-35,/home/user/results_local/finetuning_results_PASTIS_v2/PASTIS_joint_T32ULU/LIANet_valFolds1_lr0.0001_batchsize16/2026-05-24_14-22-35/last.pt,0.32360678911209106,0.6375754475593567,0.3106658458709717,0.6375754475593567,0.2233194261789322,0.46797123551368713,0.3257313668727875,0.6375754475593567,0.32360678911209106,0.6375754475593567
PASTIS_joint_T30UXV,1,PASTIS_joint_T32ULU,2026-05-24_15-24-11,/home/user/results_local/finetuning_results_PASTIS_v2/PASTIS_joint_T32ULU/LIANet_valFolds1_lr0.0001_batchsize16/2026-05-24_15-24-11/last.pt,0.3162443935871124,0.6446642279624939,0.31018733978271484,0.6446642875671387,0.22423040866851807,0.47564905881881714,0.3262782692909241,0.6446642279624939,0.3162443935871124,0.6446642279624939
PASTIS_joint_T30UXV,1,PASTIS_joint_T32ULU,2026-05-24_16-25-56,/home/user/results_local/finetuning_results_PASTIS_v2/PASTIS_joint_T32ULU/LIANet_valFolds1_lr0.0001_batchsize16/2026-05-24_16-25-56/last.pt,0.3216248154640198,0.6533940434455872,0.3134058117866516,0.6533940434455872,0.22833509743213654,0.4852154850959778,0.32841917872428894,0.6533940434455872,0.3216248154640198,0.6533940434455872
PASTIS_joint_T30UXV,1,PASTIS_joint_T32ULU,2026-05-24_17-27-41,/home/user/results_local/finetuning_results_PASTIS_v2/PASTIS_joint_T32ULU/LIANet_valFolds1_lr0.0001_batchsize16/2026-05-24_17-27-41/last.pt,0.3149871826171875,0.6441999077796936,0.31256186962127686,0.6441999077796936,0.2258966714143753,0.475143700838089,0.3298066556453705,0.6441999077796936,0.3149871826171875,0.6441999077796936
PASTIS_joint_T30UXV,2,PASTIS_joint_T31TFM,2026-05-24_19-25-56,/home/user/results_local/finetuning_results_PASTIS_v2/PASTIS_joint_T31TFM/LIANet_valFolds2_lr0.0001_batchsize16/2026-05-24_19-25-56/last.pt,0.3207288980484009,0.6226981282234192,0.2620946168899536,0.6226980686187744,0.19257916510105133,0.452114462852478,0.2687261402606964,0.6226981282234192,0.3207288980484009,0.6226981282234192
PASTIS_joint_T30UXV,2,PASTIS_joint_T31TFM,2026-05-24_20-39-51,/home/user/results_local/finetuning_results_PASTIS_v2/PASTIS_joint_T31TFM/LIANet_valFolds2_lr0.0001_batchsize16/2026-05-24_20-39-51/last.pt,0.30328476428985596,0.6292523741722107,0.26089170575141907,0.6292523741722107,0.19179224967956543,0.4590577185153961,0.2664499878883362,0.6292523741722107,0.30328476428985596,0.6292523741722107
PASTIS_joint_T30UXV,2,PASTIS_joint_T31TFM,2026-05-24_21-53-24,/home/user/results_local/finetuning_results_PASTIS_v2/PASTIS_joint_T31TFM/LIANet_valFolds2_lr0.0001_batchsize16/2026-05-24_21-53-24/last.pt,0.3134796619415283,0.6215640902519226,0.2599603533744812,0.6215640306472778,0.19029128551483154,0.4509197771549225,0.2629803419113159,0.6215640902519226,0.3134796619415283,0.6215640902519226
PASTIS_joint_T30UXV,2,PASTIS_joint_T31TFM,2026-05-24_23-06-41,/home/user/results_local/finetuning_results_PASTIS_v2/PASTIS_joint_T31TFM/LIANet_valFolds2_lr0.0001_batchsize16/2026-05-24_23-06-41/last.pt,0.31376418471336365,0.631216824054718,0.2634040117263794,0.6312167644500732,0.19329985976219177,0.4611518085002899,0.26717543601989746,0.631216824054718,0.31376418471336365,0.631216824054718
PASTIS_joint_T30UXV,2,PASTIS_joint_T31TFM,2026-05-25_00-20-02,/home/user/results_local/finetuning_results_PASTIS_v2/PASTIS_joint_T31TFM/LIANet_valFolds2_lr0.0001_batchsize16/2026-05-25_00-20-02/last.pt,0.3127465844154358,0.6214612126350403,0.25815731287002563,0.6214612126350403,0.1879464089870453,0.45081156492233276,0.2619094252586365,0.6214612126350403,0.3127465844154358,0.6214612126350403
PASTIS_joint_T30UXV,2,PASTIS_joint_T31TFJ,2026-05-24_21-21-14,/home/user/results_local/finetuning_results_PASTIS_v2/PASTIS_joint_T31TFJ/LIANet_valFolds2_lr0.0001_batchsize16/2026-05-24_21-21-14/last.pt,0.18890030682086945,0.4241386950016022,0.1390446275472641,0.4241386950016022,0.09115675091743469,0.26914718747138977,0.18988037109375,0.4241386950016022,0.18890030682086945,0.4241386950016022
PASTIS_joint_T30UXV,2,PASTIS_joint_T31TFJ,2026-05-24_22-57-44,/home/user/results_local/finetuning_results_PASTIS_v2/PASTIS_joint_T31TFJ/LIANet_valFolds2_lr0.0001_batchsize16/2026-05-24_22-57-44/last.pt,0.1717328131198883,0.4003099501132965,0.1262393593788147,0.4003099501132965,0.08128497004508972,0.2502421736717224,0.20407241582870483,0.4003099501132965,0.1717328131198883,0.4003099501132965
PASTIS_joint_T30UXV,2,PASTIS_joint_T31TFJ,2026-05-25_00-33-59,/home/user/results_local/finetuning_results_PASTIS_v2/PASTIS_joint_T31TFJ/LIANet_valFolds2_lr0.0001_batchsize16/2026-05-25_00-33-59/last.pt,0.19161146879196167,0.4266292154788971,0.145945742726326,0.4266292154788971,0.09529256820678711,0.2711561620235443,0.1926170140504837,0.4266292154788971,0.19161146879196167,0.4266292154788971
PASTIS_joint_T30UXV,2,PASTIS_joint_T31TFJ,2026-05-25_02-10-18,/home/user/results_local/finetuning_results_PASTIS_v2/PASTIS_joint_T31TFJ/LIANet_valFolds2_lr0.0001_batchsize16/2026-05-25_02-10-18/last.pt,0.1825171709060669,0.3851207196712494,0.13172860443592072,0.3851207196712494,0.08478782325983047,0.23848265409469604,0.2007773071527481,0.3851207196712494,0.1825171709060669,0.3851207196712494
PASTIS_joint_T30UXV,2,PASTIS_joint_T31TFJ,2026-05-25_03-46-33,/home/user/results_local/finetuning_results_PASTIS_v2/PASTIS_joint_T31TFJ/LIANet_valFolds2_lr0.0001_batchsize16/2026-05-25_03-46-33/last.pt,0.17731665074825287,0.38048481941223145,0.13008499145507812,0.38048481941223145,0.0834970697760582,0.23493747413158417,0.19305914640426636,0.38048481941223145,0.17731665074825287,0.38048481941223145
PASTIS_joint_T30UXV,2,PASTIS_joint_T32ULU,2026-05-24_18-29-18,/home/user/results_local/finetuning_results_PASTIS_v2/PASTIS_joint_T32ULU/LIANet_valFolds2_lr0.0001_batchsize16/2026-05-24_18-29-18/last.pt,0.32691052556037903,0.654203474521637,0.3030294179916382,0.654203474521637,0.22470325231552124,0.4861087501049042,0.3105953633785248,0.654203474521637,0.32691052556037903,0.654203474521637
PASTIS_joint_T30UXV,2,PASTIS_joint_T32ULU,2026-05-24_19-28-46,/home/user/results_local/finetuning_results_PASTIS_v2/PASTIS_joint_T32ULU/LIANet_valFolds2_lr0.0001_batchsize16/2026-05-24_19-28-46/last.pt,0.32561859488487244,0.6524209976196289,0.30395883321762085,0.6524209976196289,0.22293144464492798,0.48414304852485657,0.3087925314903259,0.6524209976196289,0.32561859488487244,0.6524209976196289
PASTIS_joint_T30UXV,2,PASTIS_joint_T32ULU,2026-05-24_20-27-07,/home/user/results_local/finetuning_results_PASTIS_v2/PASTIS_joint_T32ULU/LIANet_valFolds2_lr0.0001_batchsize16/2026-05-24_20-27-07/last.pt,0.33339232206344604,0.6588364839553833,0.3098899722099304,0.6588364243507385,0.22922757267951965,0.4912424683570862,0.31463754177093506,0.6588364839553833,0.33339232206344604,0.6588364839553833
PASTIS_joint_T30UXV,2,PASTIS_joint_T32ULU,2026-05-24_21-26-18,/home/user/results_local/finetuning_results_PASTIS_v2/PASTIS_joint_T32ULU/LIANet_valFolds2_lr0.0001_batchsize16/2026-05-24_21-26-18/last.pt,0.32869330048561096,0.6634396314620972,0.3037387430667877,0.6634396314620972,0.22598132491111755,0.4963783025741577,0.3050960302352905,0.6634396314620972,0.32869330048561096,0.6634396314620972
PASTIS_joint_T30UXV,2,PASTIS_joint_T32ULU,2026-05-24_22-25-36,/home/user/results_local/finetuning_results_PASTIS_v2/PASTIS_joint_T32ULU/LIANet_valFolds2_lr0.0001_batchsize16/2026-05-24_22-25-36/last.pt,0.3117915391921997,0.6543692946434021,0.29918813705444336,0.6543692946434021,0.22118563950061798,0.4862918555736542,0.3090149164199829,0.6543692946434021,0.3117915391921997,0.6543692946434021
PASTIS_joint_T30UXV,3,PASTIS_joint_T31TFM,2026-05-25_01-34-05,/home/user/results_local/finetuning_results_PASTIS_v2/PASTIS_joint_T31TFM/LIANet_valFolds3_lr0.0001_batchsize16/2026-05-25_01-34-05/last.pt,0.3174498677253723,0.6155253648757935,0.26107022166252136,0.6155253052711487,0.18960730731487274,0.4445912837982178,0.26180100440979004,0.6155253648757935,0.3174498677253723,0.6155253648757935
PASTIS_joint_T30UXV,3,PASTIS_joint_T31TFM,2026-05-25_02-46-46,/home/user/results_local/finetuning_results_PASTIS_v2/PASTIS_joint_T31TFM/LIANet_valFolds3_lr0.0001_batchsize16/2026-05-25_02-46-46/last.pt,0.32493478059768677,0.6110061407089233,0.26049232482910156,0.6110060811042786,0.18923628330230713,0.43989115953445435,0.268708735704422,0.6110061407089233,0.32493478059768677,0.6110061407089233
PASTIS_joint_T30UXV,3,PASTIS_joint_T31TFM,2026-05-25_03-59-38,/home/user/results_local/finetuning_results_PASTIS_v2/PASTIS_joint_T31TFM/LIANet_valFolds3_lr0.0001_batchsize16/2026-05-25_03-59-38/last.pt,0.32163938879966736,0.6196407675743103,0.26388484239578247,0.6196407079696655,0.18977606296539307,0.44889819622039795,0.2648984491825104,0.6196407675743103,0.32163938879966736,0.6196407675743103
PASTIS_joint_T30UXV,3,PASTIS_joint_T31TFM,2026-05-25_05-12-35,/home/user/results_local/finetuning_results_PASTIS_v2/PASTIS_joint_T31TFM/LIANet_valFolds3_lr0.0001_batchsize16/2026-05-25_05-12-35/last.pt,0.32839179039001465,0.6129564046859741,0.2669585347175598,0.6129564046859741,0.1936044991016388,0.44191572070121765,0.27658623456954956,0.6129564046859741,0.32839179039001465,0.6129564046859741
PASTIS_joint_T30UXV,3,PASTIS_joint_T31TFM,2026-05-25_06-25-22,/home/user/results_local/finetuning_results_PASTIS_v2/PASTIS_joint_T31TFM/LIANet_valFolds3_lr0.0001_batchsize16/2026-05-25_06-25-22/last.pt,0.31662142276763916,0.6226401925086975,0.2651323974132538,0.6226401925086975,0.19358716905117035,0.45205333828926086,0.26670145988464355,0.6226401925086975,0.31662142276763916,0.6226401925086975
PASTIS_joint_T30UXV,3,PASTIS_joint_T31TFJ,2026-05-25_05-22-52,/home/user/results_local/finetuning_results_PASTIS_v2/PASTIS_joint_T31TFJ/LIANet_valFolds3_lr0.0001_batchsize16/2026-05-25_05-22-52/last.pt,0.18146201968193054,0.3883472979068756,0.12684327363967896,0.3883472979068756,0.08155708014965057,0.24096211791038513,0.17425581812858582,0.3883472979068756,0.18146201968193054,0.3883472979068756
PASTIS_joint_T30UXV,3,PASTIS_joint_T31TFJ,2026-05-25_07-01-40,/home/user/results_local/finetuning_results_PASTIS_v2/PASTIS_joint_T31TFJ/LIANet_valFolds3_lr0.0001_batchsize16/2026-05-25_07-01-40/last.pt,0.18770547211170197,0.3517150580883026,0.11483564972877502,0.3517150580883026,0.07311855256557465,0.21338242292404175,0.1746116727590561,0.3517150580883026,0.18770547211170197,0.3517150580883026
PASTIS_joint_T30UXV,3,PASTIS_joint_T31TFJ,2026-05-25_08-41-26,/home/user/results_local/finetuning_results_PASTIS_v2/PASTIS_joint_T31TFJ/LIANet_valFolds3_lr0.0001_batchsize16/2026-05-25_08-41-26/last.pt,0.18289683759212494,0.36749958992004395,0.12150784581899643,0.36749958992004395,0.07827648520469666,0.22511456906795502,0.1913181096315384,0.36749958992004395,0.18289683759212494,0.36749958992004395
PASTIS_joint_T30UXV,3,PASTIS_joint_T31TFJ,2026-05-25_10-21-07,/home/user/results_local/finetuning_results_PASTIS_v2/PASTIS_joint_T31TFJ/LIANet_valFolds3_lr0.0001_batchsize16/2026-05-25_10-21-07/last.pt,0.17509165406227112,0.3625762164592743,0.11619434505701065,0.3625761866569519,0.0749707743525505,0.22143088281154633,0.1828926056623459,0.3625762164592743,0.17509165406227112,0.3625762164592743
PASTIS_joint_T30UXV,3,PASTIS_joint_T31TFJ,2026-05-25_12-00-44,/home/user/results_local/finetuning_results_PASTIS_v2/PASTIS_joint_T31TFJ/LIANet_valFolds3_lr0.0001_batchsize16/2026-05-25_12-00-44/last.pt,0.18059448897838593,0.39113324880599976,0.12794911861419678,0.39113324880599976,0.08303044736385345,0.2431110143661499,0.18364593386650085,0.39113324880599976,0.18059448897838593,0.39113324880599976
PASTIS_joint_T30UXV,3,PASTIS_joint_T32ULU,2026-05-24_23-24-56,/home/user/results_local/finetuning_results_PASTIS_v2/PASTIS_joint_T32ULU/LIANet_valFolds3_lr0.0001_batchsize16/2026-05-24_23-24-56/last.pt,0.3322563171386719,0.64252108335495,0.297645628452301,0.64252108335495,0.2164122760295868,0.4733193516731262,0.2971688210964203,0.64252108335495,0.3322563171386719,0.64252108335495
PASTIS_joint_T30UXV,3,PASTIS_joint_T32ULU,2026-05-25_00-25-10,/home/user/results_local/finetuning_results_PASTIS_v2/PASTIS_joint_T32ULU/LIANet_valFolds3_lr0.0001_batchsize16/2026-05-25_00-25-10/last.pt,0.323478102684021,0.6391375064849854,0.2934959828853607,0.6391375064849854,0.21523252129554749,0.46965619921684265,0.2935140132904053,0.6391375064849854,0.323478102684021,0.6391375064849854
PASTIS_joint_T30UXV,3,PASTIS_joint_T32ULU,2026-05-25_01-25-25,/home/user/results_local/finetuning_results_PASTIS_v2/PASTIS_joint_T32ULU/LIANet_valFolds3_lr0.0001_batchsize16/2026-05-25_01-25-25/last.pt,0.333747923374176,0.6376718878746033,0.29396188259124756,0.6376718282699585,0.21358485519886017,0.46807512640953064,0.2881837487220764,0.6376718878746033,0.333747923374176,0.6376718878746033
PASTIS_joint_T30UXV,3,PASTIS_joint_T32ULU,2026-05-25_02-25-53,/home/user/results_local/finetuning_results_PASTIS_v2/PASTIS_joint_T32ULU/LIANet_valFolds3_lr0.0001_batchsize16/2026-05-25_02-25-53/last.pt,0.33489692211151123,0.6454838514328003,0.30225062370300293,0.6454838514328003,0.21966436505317688,0.4765419661998749,0.3027404248714447,0.6454838514328003,0.33489692211151123,0.6454838514328003
PASTIS_joint_T30UXV,3,PASTIS_joint_T32ULU,2026-05-25_03-27-07,/home/user/results_local/finetuning_results_PASTIS_v2/PASTIS_joint_T32ULU/LIANet_valFolds3_lr0.0001_batchsize16/2026-05-25_03-27-07/last.pt,0.3261547088623047,0.6451098322868347,0.2946195602416992,0.6451098322868347,0.2148958444595337,0.47613441944122314,0.2979680299758911,0.6451098322868347,0.3261547088623047,0.6451098322868347
PASTIS_joint_T30UXV,4,PASTIS_joint_T31TFM,2026-05-25_07-38-13,/home/user/results_local/finetuning_results_PASTIS_v2/PASTIS_joint_T31TFM/LIANet_valFolds4_lr0.0001_batchsize16/2026-05-25_07-38-13/last.pt,0.3321342468261719,0.6096755862236023,0.27024030685424805,0.6096755862236023,0.19489672780036926,0.43851321935653687,0.272886723279953,0.6096755862236023,0.3321342468261719,0.6096755862236023
PASTIS_joint_T30UXV,4,PASTIS_joint_T31TFM,2026-05-25_08-53-35,/home/user/results_local/finetuning_results_PASTIS_v2/PASTIS_joint_T31TFM/LIANet_valFolds4_lr0.0001_batchsize16/2026-05-25_08-53-35/last.pt,0.31980645656585693,0.6175071597099304,0.269624263048172,0.6175071597099304,0.19480197131633759,0.44666215777397156,0.27384525537490845,0.6175071597099304,0.31980645656585693,0.6175071597099304
PASTIS_joint_T30UXV,4,PASTIS_joint_T31TFM,2026-05-25_10-09-07,/home/user/results_local/finetuning_results_PASTIS_v2/PASTIS_joint_T31TFM/LIANet_valFolds4_lr0.0001_batchsize16/2026-05-25_10-09-07/last.pt,0.3152111768722534,0.5967091917991638,0.25472739338874817,0.5967092514038086,0.18312999606132507,0.42522138357162476,0.26010841131210327,0.5967091917991638,0.3152111768722534,0.5967091917991638
PASTIS_joint_T30UXV,4,PASTIS_joint_T31TFM,2026-05-25_11-24-46,/home/user/results_local/finetuning_results_PASTIS_v2/PASTIS_joint_T31TFM/LIANet_valFolds4_lr0.0001_batchsize16/2026-05-25_11-24-46/last.pt,0.316692590713501,0.6146208643913269,0.2661447525024414,0.6146209239959717,0.19197839498519897,0.44364818930625916,0.2686440050601959,0.6146208643913269,0.316692590713501,0.6146208643913269
PASTIS_joint_T30UXV,4,PASTIS_joint_T31TFM,2026-05-25_12-40-14,/home/user/results_local/finetuning_results_PASTIS_v2/PASTIS_joint_T31TFM/LIANet_valFolds4_lr0.0001_batchsize16/2026-05-25_12-40-14/last.pt,0.31891122460365295,0.6091518998146057,0.2625373899936676,0.6091519594192505,0.18966148793697357,0.4379716217517853,0.2672082483768463,0.6091518998146057,0.31891122460365295,0.6091518998146057
PASTIS_joint_T30UXV,4,PASTIS_joint_T31TFJ,2026-05-25_13-40-18,/home/user/results_local/finetuning_results_PASTIS_v2/PASTIS_joint_T31TFJ/LIANet_valFolds4_lr0.0001_batchsize16/2026-05-25_13-40-18/last.pt,0.17726010084152222,0.41074085235595703,0.1415305733680725,0.41074085235595703,0.09274972975254059,0.2584480047225952,0.18693844974040985,0.41074085235595703,0.17726010084152222,0.41074085235595703
PASTIS_joint_T30UXV,4,PASTIS_joint_T31TFJ,2026-05-25_15-18-34,/home/user/results_local/finetuning_results_PASTIS_v2/PASTIS_joint_T31TFJ/LIANet_valFolds4_lr0.0001_batchsize16/2026-05-25_15-18-34/last.pt,0.18205860257148743,0.3951409161090851,0.12877196073532104,0.3951409161090851,0.08445362746715546,0.2462153434753418,0.17241163551807404,0.3951409161090851,0.18205860257148743,0.3951409161090851
PASTIS_joint_T30UXV,4,PASTIS_joint_T31TFJ,2026-05-25_16-56-26,/home/user/results_local/finetuning_results_PASTIS_v2/PASTIS_joint_T31TFJ/LIANet_valFolds4_lr0.0001_batchsize16/2026-05-25_16-56-26/last.pt,0.17151784896850586,0.4308558404445648,0.14435340464115143,0.4308558404445648,0.09403330832719803,0.2745801508426666,0.17858394980430603,0.4308558404445648,0.17151784896850586,0.4308558404445648
PASTIS_joint_T30UXV,4,PASTIS_joint_T31TFJ,2026-05-25_18-34-37,/home/user/results_local/finetuning_results_PASTIS_v2/PASTIS_joint_T31TFJ/LIANet_valFolds4_lr0.0001_batchsize16/2026-05-25_18-34-37/last.pt,0.18448248505592346,0.4012443423271179,0.13093115389347076,0.4012443721294403,0.08475624024868011,0.2509728968143463,0.1754157990217209,0.4012443423271179,0.18448248505592346,0.4012443423271179
PASTIS_joint_T30UXV,4,PASTIS_joint_T31TFJ,2026-05-25_20-12-46,/home/user/results_local/finetuning_results_PASTIS_v2/PASTIS_joint_T31TFJ/LIANet_valFolds4_lr0.0001_batchsize16/2026-05-25_20-12-46/last.pt,0.17391091585159302,0.38735684752464294,0.12824402749538422,0.38735684752464294,0.08341023325920105,0.240200012922287,0.17592287063598633,0.38735684752464294,0.17391091585159302,0.38735684752464294
PASTIS_joint_T30UXV,4,PASTIS_joint_T32ULU,2026-05-25_04-28-06,/home/user/results_local/finetuning_results_PASTIS_v2/PASTIS_joint_T32ULU/LIANet_valFolds4_lr0.0001_batchsize16/2026-05-25_04-28-06/last.pt,0.3377954959869385,0.656804084777832,0.3090547025203705,0.656804084777832,0.22398890554904938,0.48898613452911377,0.3119660019874573,0.656804084777832,0.3377954959869385,0.656804084777832
PASTIS_joint_T30UXV,4,PASTIS_joint_T32ULU,2026-05-25_05-28-08,/home/user/results_local/finetuning_results_PASTIS_v2/PASTIS_joint_T32ULU/LIANet_valFolds4_lr0.0001_batchsize16/2026-05-25_05-28-08/last.pt,0.326460599899292,0.6465170979499817,0.30195164680480957,0.6465171575546265,0.22002077102661133,0.47766923904418945,0.31208282709121704,0.6465170979499817,0.326460599899292,0.6465170979499817
PASTIS_joint_T30UXV,4,PASTIS_joint_T32ULU,2026-05-25_06-27-59,/home/user/results_local/finetuning_results_PASTIS_v2/PASTIS_joint_T32ULU/LIANet_valFolds4_lr0.0001_batchsize16/2026-05-25_06-27-59/last.pt,0.3382949233055115,0.6523617506027222,0.306091845035553,0.6523618102073669,0.22239834070205688,0.4840778410434723,0.3046991229057312,0.6523617506027222,0.3382949233055115,0.6523617506027222
PASTIS_joint_T30UXV,4,PASTIS_joint_T32ULU,2026-05-25_07-27-59,/home/user/results_local/finetuning_results_PASTIS_v2/PASTIS_joint_T32ULU/LIANet_valFolds4_lr0.0001_batchsize16/2026-05-25_07-27-59/last.pt,0.3338533639907837,0.6485825777053833,0.30549243092536926,0.6485826373100281,0.22113651037216187,0.4799276888370514,0.3090178072452545,0.6485825777053833,0.3338533639907837,0.6485825777053833
PASTIS_joint_T30UXV,4,PASTIS_joint_T32ULU,2026-05-25_08-28-22,/home/user/results_local/finetuning_results_PASTIS_v2/PASTIS_joint_T32ULU/LIANet_valFolds4_lr0.0001_batchsize16/2026-05-25_08-28-22/last.pt,0.3236067295074463,0.6541544795036316,0.29954883456230164,0.6541544795036316,0.21681185066699982,0.4860546588897705,0.300016850233078,0.6541544795036316,0.3236067295074463,0.6541544795036316
PASTIS_joint_T30UXV,5,PASTIS_joint_T31TFM,2026-05-25_13-55-27,/home/user/results_local/finetuning_results_PASTIS_v2/PASTIS_joint_T31TFM/LIANet_valFolds5_lr0.0001_batchsize16/2026-05-25_13-55-27/last.pt,0.31727972626686096,0.6161597967147827,0.25794222950935364,0.6161597371101379,0.18720141053199768,0.44525352120399475,0.26320934295654297,0.6161597967147827,0.31727972626686096,0.6161597967147827
PASTIS_joint_T30UXV,5,PASTIS_joint_T31TFM,2026-05-25_15-10-07,/home/user/results_local/finetuning_results_PASTIS_v2/PASTIS_joint_T31TFM/LIANet_valFolds5_lr0.0001_batchsize16/2026-05-25_15-10-07/last.pt,0.31749796867370605,0.6066000461578369,0.25583571195602417,0.6066000461578369,0.18428575992584229,0.43533802032470703,0.25870394706726074,0.6066000461578369,0.31749796867370605,0.6066000461578369
PASTIS_joint_T30UXV,5,PASTIS_joint_T31TFM,2026-05-25_16-24-56,/home/user/results_local/finetuning_results_PASTIS_v2/PASTIS_joint_T31TFM/LIANet_valFolds5_lr0.0001_batchsize16/2026-05-25_16-24-56/last.pt,0.32350242137908936,0.595783531665802,0.25794321298599243,0.5957834720611572,0.1853070855140686,0.4242818057537079,0.26384979486465454,0.595783531665802,0.32350242137908936,0.595783531665802
PASTIS_joint_T30UXV,5,PASTIS_joint_T31TFM,2026-05-25_17-39-17,/home/user/results_local/finetuning_results_PASTIS_v2/PASTIS_joint_T31TFM/LIANet_valFolds5_lr0.0001_batchsize16/2026-05-25_17-39-17/last.pt,0.3267183005809784,0.6134093999862671,0.2614341974258423,0.6134093403816223,0.18891267478466034,0.44238677620887756,0.265781044960022,0.6134093999862671,0.3267183005809784,0.6134093999862671
PASTIS_joint_T30UXV,5,PASTIS_joint_T31TFM,2026-05-25_18-53-38,/home/user/results_local/finetuning_results_PASTIS_v2/PASTIS_joint_T31TFM/LIANet_valFolds5_lr0.0001_batchsize16/2026-05-25_18-53-38/last.pt,0.30584585666656494,0.5961073637008667,0.2541053295135498,0.5961073637008667,0.1815962791442871,0.42461031675338745,0.25702568888664246,0.5961073637008667,0.30584585666656494,0.5961073637008667
PASTIS_joint_T30UXV,5,PASTIS_joint_T31TFJ,2026-05-25_21-49-18,/home/user/results_local/finetuning_results_PASTIS_v2/PASTIS_joint_T31TFJ/LIANet_valFolds5_lr0.0001_batchsize16/2026-05-25_21-49-18/last.pt,0.19334638118743896,0.3553541898727417,0.12141324579715729,0.3553541898727417,0.07792871445417404,0.21606728434562683,0.19101102650165558,0.3553541898727417,0.19334638118743896,0.3553541898727417
PASTIS_joint_T30UXV,5,PASTIS_joint_T31TFJ,2026-05-25_23-23-19,/home/user/results_local/finetuning_results_PASTIS_v2/PASTIS_joint_T31TFJ/LIANet_valFolds5_lr0.0001_batchsize16/2026-05-25_23-23-19/last.pt,0.1854729950428009,0.3860234320163727,0.12310521304607391,0.3860234320163727,0.08079112321138382,0.23917536437511444,0.18715031445026398,0.3860234320163727,0.1854729950428009,0.3860234320163727
PASTIS_joint_T30UXV,5,PASTIS_joint_T31TFJ,2026-05-26_00-57-16,/home/user/results_local/finetuning_results_PASTIS_v2/PASTIS_joint_T31TFJ/LIANet_valFolds5_lr0.0001_batchsize16/2026-05-26_00-57-16/last.pt,0.16725541651248932,0.373523086309433,0.1233079731464386,0.373523086309433,0.08006131649017334,0.22965161502361298,0.1704186201095581,0.373523086309433,0.16725541651248932,0.373523086309433
PASTIS_joint_T30UXV,5,PASTIS_joint_T31TFJ,2026-05-26_02-31-31,/home/user/results_local/finetuning_results_PASTIS_v2/PASTIS_joint_T31TFJ/LIANet_valFolds5_lr0.0001_batchsize16/2026-05-26_02-31-31/last.pt,0.19267666339874268,0.3631470203399658,0.11777258664369583,0.3631470203399658,0.07677946984767914,0.22185681760311127,0.18006260693073273,0.3631470203399658,0.19267666339874268,0.3631470203399658
PASTIS_joint_T30UXV,5,PASTIS_joint_T31TFJ,2026-05-26_04-06-11,/home/user/results_local/finetuning_results_PASTIS_v2/PASTIS_joint_T31TFJ/LIANet_valFolds5_lr0.0001_batchsize16/2026-05-26_04-06-11/last.pt,0.17258892953395844,0.35223764181137085,0.12219369411468506,0.35223764181137085,0.07702326774597168,0.21376726031303406,0.18566370010375977,0.35223764181137085,0.17258892953395844,0.35223764181137085
PASTIS_joint_T30UXV,5,PASTIS_joint_T32ULU,2026-05-25_09-28-48,/home/user/results_local/finetuning_results_PASTIS_v2/PASTIS_joint_T32ULU/LIANet_valFolds5_lr0.0001_batchsize16/2026-05-25_09-28-48/last.pt,0.3260033130645752,0.6418480277061462,0.29553112387657166,0.6418480277061462,0.21708407998085022,0.4725891947746277,0.3002789616584778,0.6418480277061462,0.3260033130645752,0.6418480277061462
PASTIS_joint_T30UXV,5,PASTIS_joint_T32ULU,2026-05-25_10-31-40,/home/user/results_local/finetuning_results_PASTIS_v2/PASTIS_joint_T32ULU/LIANet_valFolds5_lr0.0001_batchsize16/2026-05-25_10-31-40/last.pt,0.3182647228240967,0.6416685581207275,0.29130131006240845,0.6416685581207275,0.2121736705303192,0.4723946750164032,0.2980252504348755,0.6416685581207275,0.3182647228240967,0.6416685581207275
PASTIS_joint_T30UXV,5,PASTIS_joint_T32ULU,2026-05-25_11-34-33,/home/user/results_local/finetuning_results_PASTIS_v2/PASTIS_joint_T32ULU/LIANet_valFolds5_lr0.0001_batchsize16/2026-05-25_11-34-33/last.pt,0.31113550066947937,0.643421471118927,0.2920551896095276,0.643421471118927,0.2134208381175995,0.47429725527763367,0.3001512289047241,0.643421471118927,0.31113550066947937,0.643421471118927
PASTIS_joint_T30UXV,5,PASTIS_joint_T32ULU,2026-05-25_12-37-15,/home/user/results_local/finetuning_results_PASTIS_v2/PASTIS_joint_T32ULU/LIANet_valFolds5_lr0.0001_batchsize16/2026-05-25_12-37-15/last.pt,0.3208129405975342,0.6480225920677185,0.29979512095451355,0.6480225324630737,0.22046834230422974,0.4793146252632141,0.3082021176815033,0.6480225920677185,0.3208129405975342,0.6480225920677185
PASTIS_joint_T30UXV,5,PASTIS_joint_T32ULU,2026-05-25_13-40-02,/home/user/results_local/finetuning_results_PASTIS_v2/PASTIS_joint_T32ULU/LIANet_valFolds5_lr0.0001_batchsize16/2026-05-25_13-40-02/last.pt,0.3244898021221161,0.6511849761009216,0.3067111372947693,0.6511849761009216,0.2249436378479004,0.48278293013572693,0.3140028715133667,0.6511849761009216,0.3244898021221161,0.6511849761009216
